{
    "1": {
        "xAxisName": "Measured Depth (ft)",
        "yAxisName": "Azimuth Error (°)",
        "data": [
            {
                "id": 1,
                "name": "Lc dAz(dBz)",
                "key": "LCDatas",
                "type": "line",
                "color":"#66ff66",
                "xAxisVariable": "depth",
                "yAxisVariable": "dAzdBz",
                "smooth": false,
                "lineType": "solid",
                "symbol": "circle",
                "symbolSize": 10,
                "convertData": false
            },
            {
                "id": 2,
                "name": "Lc dAz(Sxy)",
                "key": "LCDatas",
                "type": "line",
                "color":"#cc33ff",
                "xAxisVariable": "depth",
                "yAxisVariable": "dAzSxy",
                "smooth": false,
                "lineType": "solid",
                "symbol": "triangle",
                "symbolSize": 10,
                "convertData": false
            },
            {
                "id": 3,
                "name": "Lc dAz(Bgm)",
                "key": "LCDatas",
                "type": "line",
                "color": "#ffbf00",
                "xAxisVariable": "depth",
                "yAxisVariable": "dAzBGm",
                "smooth": false,
                "lineType": "solid",
                "symbol": "rect",
                "symbolSize": 10,
                "convertData": false
            },
            {
                "id": 4,
                "name": "Lc dAz(total)",
                "key": "LCDatas",
                "type": "line",
                "color":"#cc33ff",
                "xAxisVariable": "depth",
                "yAxisVariable": "dAzTotal",
                "smooth": false,
                "lineType": "solid",
                "symbol": "roundRect",
                "symbolSize": 10,
                "convertData": false
            }
        ]
    },
    "2": {
        "xAxisName": "Measured Depth (ft)",
        "yAxisName": "Dip Angle Error (°)",
        "data": [
            {
                "id": 1,
                "name": "dDip(dBz)",
                "key": "LCDatas",
                "type": "line",
                "color":"#66ff66",
                "xAxisVariable": "depth",
                "yAxisVariable": "dDipdBz",
                "smooth": false,
                "lineType": "solid",
                "symbol": "circle",
                "symbolSize": 10,
                "convertData": false
            },
            {
                "id": 2,
                "name": "dDip(Sxy)",
                "key": "LCDatas",
                "type": "line",
                "color":"#cc33ff",
                "xAxisVariable": "depth",
                "yAxisVariable": "dDipSxy",
                "smooth": false,
                "lineType": "solid",
                "symbol": "triangle",
                "symbolSize": 10,
                "convertData": false
            },
            {
                "id": 3,
                "name": "dDip(BGm)",
                "key": "LCDatas",
                "type": "line",
                "color": "#ffbf00",
                "xAxisVariable": "depth",
                "yAxisVariable": "dDipBGm",
                "smooth": false,
                "lineType": "solid",
                "symbol": "rect",
                "symbolSize": 10,
                "convertData": false
            },
            {
                "id": 4,
                "name": "dDip (total)",
                "key": "LCDatas",
                "type": "line",
                "color":"#66ff66",
                "xAxisVariable": "depth",
                "yAxisVariable": "dDipTotal",
                "smooth": false,
                "lineType": "solid",
                "symbol": "roundRect",
                "symbolSize": 10,
                "convertData": false
            }
        ]
    },
    "3": {
        "xAxisName": "Measured Depth (ft)",
        "yAxisName": "Btotal Error (nT)",
        "data": [
            {
                "id": 1,
                "name": "dBt(dBz)",
                "key": "LCDatas",
                "type": "line",
                "color":"#66ff66",
                "xAxisVariable": "depth",
                "yAxisVariable": "dBtdBz",
                "smooth": false,
                "lineType": "solid",
                "symbol": "circle",
                "symbolSize": 10,
                "convertData": false
            },
            {
                "id": 2,
                "name": "dBt(Sxy)",
                "key": "LCDatas",
                "type": "line",
                "color":"#cc33ff",
                "xAxisVariable": "depth",
                "yAxisVariable": "dBtSxy",
                "smooth": false,
                "lineType": "solid",
                "symbol": "triangle",
                "symbolSize": 10,
                "convertData": false
            },
            {
                "id": 3,
                "name": "dBt(total)",
                "key": "LCDatas",
                "type": "line",
                "color":"#66ff66",
                "xAxisVariable": "depth",
                "yAxisVariable": "dBtTotal",
                "smooth": false,
                "lineType": "solid",
                "symbol": "roundRect",
                "symbolSize": 10,
                "convertData": false
            }
        ]
    },
    "4": {
        "xAxisName": "Measured Depth (ft)",
        "yAxisName": "Northing Error (ft)",
        "data": [
            {
                "id": 1,
                "name": "LC N dBz",
                "key": "LCPositionDatas",
                "type": "line",
                "color":"#66ff66",
                "xAxisVariable": "depth",
                "yAxisVariable": "dBzNE",
                "smooth": false,
                "lineType": "solid",
                "symbol": "circle",
                "symbolSize": 10,
                "convertData": false
            },
            {
                "id": 2,
                "name": "LC N Sxy",
                "key": "LCPositionDatas",
                "type": "line",
                "color":"#cc33ff",
                "xAxisVariable": "depth",
                "yAxisVariable": "sxyNE",
                "smooth": false,
                "lineType": "solid",
                "symbol": "triangle",
                "symbolSize": 10,
                "convertData": false
            },
            {
                "id": 3,
                "name": "LC N BGm",
                "key": "LCPositionDatas",
                "type": "line",
                "color": "#ffbf00",
                "xAxisVariable": "depth",
                "yAxisVariable": "bGmNE",
                "smooth": false,
                "lineType": "solid",
                "symbol": "rect",
                "symbolSize": 10,
                "convertData": false
            },
            {
                "id": 4,
                "name": "LC N dDecle",
                "key": "LCPositionDatas",
                "type": "line",
                "color":"#ccffff",
                "xAxisVariable": "depth",
                "yAxisVariable": "dDecleNE",
                "smooth": false,
                "lineType": "solid",
                "symbol": "diamond",
                "symbolSize": 10,
                "convertData": false
            },
            {
                "id": 5,
                "name": "LC N total",
                "key": "LCPositionDatas",
                "type": "line",
                "color":"#66ff66",
                "xAxisVariable": "depth",
                "yAxisVariable": "totalNE",
                "smooth": false,
                "lineType": "solid",
                "symbol": "roundRect",
                "symbolSize": 10,
                "convertData": false
            }
        ]
    },
    "5": {
        "xAxisName": "Measured Depth (ft)",
        "yAxisName": "Easting Error (ft)",
        "data": [
            {
                "id": 1,
                "name": "LC E dBz",
                "key": "LCPositionDatas",
                "type": "line",
                "color":"#66ff66",
                "xAxisVariable": "depth",
                "yAxisVariable": "dBzEE",
                "smooth": false,
                "lineType": "solid",
                "symbol": "circle",
                "symbolSize": 10,
                "convertData": false
            },
            {
                "id": 2,
                "name": "LC E Sxy",
                "key": "LCPositionDatas",
                "type": "line",
                "color":"#cc33ff",
                "xAxisVariable": "depth",
                "yAxisVariable": "sxyEE",
                "smooth": false,
                "lineType": "solid",
                "symbol": "triangle",
                "symbolSize": 10,
                "convertData": false
            },
            {
                "id": 3,
                "name": "LC E BGm",
                "key": "LCPositionDatas",
                "type": "line",
                "color": "#ffbf00",
                "xAxisVariable": "depth",
                "yAxisVariable": "bGmEE",
                "smooth": false,
                "lineType": "solid",
                "symbol": "rect",
                "symbolSize": 10,
                "convertData": false
            },
            {
                "id": 4,
                "name": "LC E dDecle",
                "key": "LCPositionDatas",
                "type": "line",
                "color":"#ccffff",
                "xAxisVariable": "depth",
                "yAxisVariable": "dDecleEE",
                "smooth": false,
                "lineType": "solid",
                "symbol": "diamond",
                "symbolSize": 10,
                "convertData": false
            },
            {
                "id": 5,
                "name": "LC E total",
                "key": "LCPositionDatas",
                "type": "line",
                "color":"#66ff66",
                "xAxisVariable": "depth",
                "yAxisVariable": "totalEE",
                "smooth": false,
                "lineType": "solid",
                "symbol": "roundRect",
                "symbolSize": 10,
                "convertData": false
            }
        ]
    },
    "6": {
        "xAxisName": "Measured Depth (ft)",
        "yAxisName": "Lateral Error (ft)",
        "data": [
            {
                "id": 1,
                "name": "LC Lat dBz",
                "key": "LCPositionDatas",
                "type": "line",
                "color":"#66ff66",
                "xAxisVariable": "depth",
                "yAxisVariable": "dBzLE",
                "smooth": false,
                "lineType": "solid",
                "symbol": "circle",
                "symbolSize": 10,
                "convertData": false
            },
            {
                "id": 2,
                "name": "LC Lat Sxy",
                "key": "LCPositionDatas",
                "type": "line",
                "color":"#cc33ff",
                "xAxisVariable": "depth",
                "yAxisVariable": "sxyLE",
                "smooth": false,
                "lineType": "solid",
                "symbol": "triangle",
                "symbolSize": 10,
                "convertData": false
            },
            {
                "id": 3,
                "name": "LC Lat BGm",
                "key": "LCPositionDatas",
                "type": "line",
                "color": "#ffbf00",
                "xAxisVariable": "depth",
                "yAxisVariable": "bGmLE",
                "smooth": false,
                "lineType": "solid",
                "symbol": "rect",
                "symbolSize": 10,
                "convertData": false
            },
            {
                "id": 4,
                "name": "LC Lat dDecle",
                "key": "LCPositionDatas",
                "type": "line",
                "color":"#ccffff",
                "xAxisVariable": "depth",
                "yAxisVariable": "dDecleLE",
                "smooth": false,
                "lineType": "solid",
                "symbol": "diamond",
                "symbolSize": 10,
                "convertData": false
            },
            {
                "id": 5,
                "name": "LC Lat total",
                "key": "LCPositionDatas",
                "type": "line",
                "color":"#66ff66",
                "xAxisVariable": "depth",
                "yAxisVariable": "totalLE",
                "smooth": false,
                "lineType": "solid",
                "symbol": "roundRect",
                "symbolSize": 10,
                "convertData": false
            }
        ]
    },
    "7": {
        "xAxisName": "Measured Depth (ft)",
        "yAxisName": "Azimuth Error (°)",
        "data": [
            {
                "id": 1,
                "name": "dAz(dDipe+)",
                "key": "SCDatas",
                "type": "line",
                "color":"#FF0000",
                "xAxisVariable": "depth",
                "yAxisVariable": "dAzdDipePlus",
                "smooth": false,
                "lineType": "solid",
                "symbol": "arrow",
                "symbolSize": 10,
                "convertData": false
            },
            {
                "id": 2,
                "name": "dAz(dDipe-)",
                "key": "SCDatas",
                "type": "line",
                "color":"#FF0000",
                "xAxisVariable": "depth",
                "yAxisVariable": "dAzdDipeMinus",
                "smooth": false,
                "lineType": "dashed",
                "symbol": "circle",
                "symbolSize": 10,
                "convertData": false
            },
            {
                "id": 3,
                "name": "dAz(dBe+)",
                "key": "SCDatas",
                "type": "line",
                "color":"#0099ff",
                "xAxisVariable": "depth",
                "yAxisVariable": "dAzdBePlus",
                "smooth": false,
                "lineType": "solid",
                "symbol": "arrow",
                "symbolSize": 10,
                "convertData": false
            },
            {
                "id": 4,
                "name": "dAz(dBe-)",
                "key": "SCDatas",
                "type": "line",
                "color":"#0099ff",
                "xAxisVariable": "depth",
                "yAxisVariable": "dAzdBeMinus",
                "smooth": false,
                "lineType": "dashed",
                "symbol": "diamond",
                "symbolSize": 10,
                "convertData": false
            },
            {
                "id": 5,
                "name": "SC dAz(Sxy)",
                "key": "SCDatas",
                "type": "line",
                "color":"#cc33ff",
                "xAxisVariable": "depth",
                "yAxisVariable": "dAzSxy",
                "smooth": false,
                "lineType": "solid",
                "symbol": "triangle",
                "symbolSize": 10,
                "convertData": false
            },
            {
                "id": 6,
                "name": "SC dAz(Bgm)",
                "key": "SCDatas",
                "type": "line",
                "color": "#ffbf00",
                "xAxisVariable": "depth",
                "yAxisVariable": "dAzBGm",
                "smooth": false,
                "lineType": "solid",
                "symbol": "rect",
                "symbolSize": 10,
                "convertData": false
            },
            {
                "id": 7,
                "name": "SC dAz(total+)",
                "key": "SCDatas",
                "type": "line",
                "color":"#66ff66",
                "xAxisVariable": "depth",
                "yAxisVariable": "dAzTotalPlus",
                "smooth": false,
                "lineType": "solid",
                "symbol": "roundRect",
                "symbolSize": 10,
                "convertData": false
            },
            {
                "id": 8,
                "name": "SC dAz(total-)",
                "key": "SCDatas",
                "type": "line",
                "color":"#66ff66",
                "xAxisVariable": "depth",
                "yAxisVariable": "dAzTotalMinus",
                "smooth": false,
                "lineType": "dashed",
                "symbol": "roundRect",
                "symbolSize": 10,
                "convertData": false
            }
        ]
    },
    "8": {
        "xAxisName": "Measured Depth (ft)",
        "yAxisName": "Dip Angle Error (°)",
        "data": [
            {
                "id": 1,
                "name": "dDipc(dDipe+)",
                "key": "SCDatas",
                "type": "line",
                "color":"#FF0000",
                "xAxisVariable": "depth",
                "yAxisVariable": "dDipcdDipePlus",
                "smooth": false,
                "lineType": "solid",
                "symbol": "arrow",
                "symbolSize": 10,
                "convertData": false
            },
            {
                "id": 2,
                "name": "dDipc(dDipe-)",
                "key": "SCDatas",
                "type": "line",
                "color":"#FF0000",
                "xAxisVariable": "depth",
                "yAxisVariable": "dDipcdDipeMinus",
                "smooth": false,
                "lineType": "dashed",
                "symbol": "circle",
                "symbolSize": 10,
                "convertData": false
            },
            {
                "id": 3,
                "name": "dDipc(dBe+)",
                "key": "SCDatas",
                "type": "line",
                "color":"#0099ff",
                "xAxisVariable": "depth",
                "yAxisVariable": "dDipcdBePlus",
                "smooth": false,
                "lineType": "solid",
                "symbol": "arrow",
                "symbolSize": 10,
                "convertData": false
            },
            {
                "id": 4,
                "name": "dDipc(dBe-)",
                "key": "SCDatas",
                "type": "line",
                "color":"#0099ff",
                "xAxisVariable": "depth",
                "yAxisVariable": "dDipcdBeMinus",
                "smooth": false,
                "lineType": "dashed",
                "symbol": "diamond",
                "symbolSize": 10,
                "convertData": false
            },
            {
                "id": 5,
                "name": "dDipc(Sxy)",
                "key": "SCDatas",
                "type": "line",
                "color":"#cc33ff",
                "xAxisVariable": "depth",
                "yAxisVariable": "dDipcSxy",
                "smooth": false,
                "lineType": "solid",
                "symbol": "triangle",
                "symbolSize": 10,
                "convertData": false
            },
            {
                "id": 6,
                "name": "dDipc(Bgm)",
                "key": "SCDatas",
                "type": "line",
                "color": "#ffbf00",
                "xAxisVariable": "depth",
                "yAxisVariable": "dDipcBGm",
                "smooth": false,
                "lineType": "solid",
                "symbol": "rect",
                "symbolSize": 10,
                "convertData": false
            },
            {
                "id": 7,
                "name": "dDipc(total+)",
                "key": "SCDatas",
                "type": "line",
                "color":"#66ff66",
                "xAxisVariable": "depth",
                "yAxisVariable": "dDipcTotalPlus",
                "smooth": false,
                "lineType": "solid",
                "symbol": "roundRect",
                "symbolSize": 10,
                "convertData": false
            },
            {
                "id": 8,
                "name": "dDipc(total-)",
                "key": "SCDatas",
                "type": "line",
                "color":"#66ff66",
                "xAxisVariable": "depth",
                "yAxisVariable": "dDipcTotalMinus",
                "smooth": false,
                "lineType": "dashed",
                "symbol": "roundRect",
                "symbolSize": 10,
                "convertData": false
            }
        ]
    },
    "9": {
        "xAxisName": "Measured Depth (ft)",
        "yAxisName": "Btotal Error (nT)",
        "data": [
            {
                "id": 1,
                "name": "dBtc(dDipe+)",
                "key": "SCDatas",
                "type": "line",
                "color":"#FF0000",
                "xAxisVariable": "depth",
                "yAxisVariable": "dBtcdDipePlus",
                "smooth": false,
                "lineType": "solid",
                "symbol": "arrow",
                "symbolSize": 10,
                "convertData": false
            },
            {
                "id": 2,
                "name": "dBtc(dDipe-)",
                "key": "SCDatas",
                "type": "line",
                "color":"#FF0000",
                "xAxisVariable": "depth",
                "yAxisVariable": "dBtcdDipeMinus",
                "smooth": false,
                "lineType": "dashed",
                "symbol": "circle",
                "symbolSize": 10,
                "convertData": false
            },
            {
                "id": 3,
                "name": "dBtc(dBe+)",
                "key": "SCDatas",
                "type": "line",
                "color":"#0099ff",
                "xAxisVariable": "depth",
                "yAxisVariable": "dBtcdBePlus",
                "smooth": false,
                "lineType": "solid",
                "symbol": "arrow",
                "symbolSize": 10,
                "convertData": false
            },
            {
                "id": 4,
                "name": "dBtc(dBe-)",
                "key": "SCDatas",
                "type": "line",
                "color":"#0099ff",
                "xAxisVariable": "depth",
                "yAxisVariable": "dBtcdBeMinus",
                "smooth": false,
                "lineType": "dashed",
                "symbol": "diamond",
                "symbolSize": 10,
                "convertData": false
            },
            {
                "id": 5,
                "name": "dBtc(Sxy)",
                "key": "SCDatas",
                "type": "line",
                "color":"#cc33ff",
                "xAxisVariable": "depth",
                "yAxisVariable": "dBtcSxy",
                "smooth": false,
                "lineType": "solid",
                "symbol": "triangle",
                "symbolSize": 10,
                "convertData": false
            },
            {
                "id": 6,
                "name": "dBtc(Bgm)",
                "key": "SCDatas",
                "type": "line",
                "color": "#ffbf00",
                "xAxisVariable": "depth",
                "yAxisVariable": "dBtcBGm",
                "smooth": false,
                "lineType": "solid",
                "symbol": "rect",
                "symbolSize": 10,
                "convertData": false
            },
            {
                "id": 7,
                "name": "dBtc(total+)",
                "key": "SCDatas",
                "type": "line",
                "color":"#66ff66",
                "xAxisVariable": "depth",
                "yAxisVariable": "dBtcTotalPlus",
                "smooth": false,
                "lineType": "solid",
                "symbol": "roundRect",
                "symbolSize": 10,
                "convertData": false
            },
            {
                "id": 8,
                "name": "dBtc(total-)",
                "key": "SCDatas",
                "type": "line",
                "color":"#66ff66",
                "xAxisVariable": "depth",
                "yAxisVariable": "dBtcTotalMinus",
                "smooth": false,
                "lineType": "dashed",
                "symbol": "roundRect",
                "symbolSize": 10,
                "convertData": false
            }
        ]
    },
    "10": {
        "xAxisName": "Measured Depth (ft)",
        "yAxisName": "Northing Error (ft)",
        "data": [
            {
                "id": 1,
                "name": "SC N dDipe(+)",
                "key": "SCPositionDatas",
                "type": "line",
                "color":"#FF0000",
                "xAxisVariable": "depth",
                "yAxisVariable": "dDipePlusNE",
                "smooth": false,
                "symbolSize": 10,
                "symbol": "arrow",
                "lineType": "solid",
                "convertData": false
            },
            {
                "id": 2,
                "name": "SC N dDipe(-)",
                "key": "SCPositionDatas",
                "type": "line",
                "color":"#FF0000",
                "xAxisVariable": "depth",
                "yAxisVariable": "dDipeMinusNE",
                "smooth": false,
                "lineType": "dashed",
                "symbol": "circle",
                "symbolSize": 10,
                "convertData": false
            },
            {
                "id": 3,
                "name": "SC N dBe(+)",
                "key": "SCPositionDatas",
                "type": "line",
                "color":"#0099ff",
                "xAxisVariable": "depth",
                "yAxisVariable": "dBePlusNE",
                "smooth": false,
                "lineType": "solid",
                "symbol": "arrow",
                "symbolSize": 10,
                "convertData": false
            },
            {
                "id": 4,
                "name": "SC N dBe(-)",
                "key": "SCPositionDatas",
                "type": "line",
                "color":"#0099ff",
                "xAxisVariable": "depth",
                "yAxisVariable": "dBeMinusNE",
                "smooth": false,
                "lineType": "dashed",
                "symbol": "diamond",
                "symbolSize": 10,
                "convertData": false
            },
            {
                "id": 5,
                "name": "SC N Sxy",
                "key": "SCPositionDatas",
                "type": "line",
                "color":"#cc33ff",
                "xAxisVariable": "depth",
                "yAxisVariable": "sxyNE",
                "smooth": false,
                "lineType": "solid",
                "symbol": "triangle",
                "symbolSize": 10,
                "convertData": false
            },
            {
                "id": 6,
                "name": "SC N BGm",
                "key": "SCPositionDatas",
                "type": "line",
                "color": "#ffbf00",
                "xAxisVariable": "depth",
                "yAxisVariable": "bGmNE",
                "smooth": false,
                "lineType": "solid",
                "symbol": "rect",
                "symbolSize": 10,
                "convertData": false
            },
            {
                "id": 7,
                "name": "SC N dDecle",
                "key": "SCPositionDatas",
                "type": "line",
                "color":"#ccffff",               
                "xAxisVariable": "depth",
                "yAxisVariable": "dDecleNE",
                "smooth": false,
                "lineType": "solid",
                "symbol": "rect",
                "symbolSize": 10,
                "convertData": false
            },
            {
                "id": 8,
                "name": "SC N total(+)",
                "key": "SCPositionDatas",
                "type": "line",
                "color":"#66ff66",
                "xAxisVariable": "depth",
                "yAxisVariable": "totalNEPlus",
                "smooth": false,
                "lineType": "solid",
                "symbol": "roundRect",
                "symbolSize": 10,
                "convertData": false
            },
            {
                "id": 9,
                "name": "SC N total(-)",
                "key": "SCPositionDatas",
                "type": "line",
                "color":"#66ff66",
                "xAxisVariable": "depth",
                "yAxisVariable": "totalNEMinus",
                "smooth": false,
                "lineType": "dashed",
                "symbol": "roundRect",
                "symbolSize": 10,
                "convertData": false
            }
        ]
    },
    "11": {
        "xAxisName": "Measured Depth (ft)",
        "yAxisName": "Easting Error (ft)",
        "data": [
            {
                "id": 1,
                "name": "SC E dDipe(+)",
                "key": "SCPositionDatas",
                "type": "line",
                "color":"#FF0000",
                "xAxisVariable": "depth",
                "yAxisVariable": "dDipePlusEE",
                "smooth": false,
                "lineType": "solid",
                "symbol": "arrow",
                "symbolSize": 10,
                "convertData": false
            },
            {
                "id": 2,
                "name": "SC E dDipe(-)",
                "key": "SCPositionDatas",
                "type": "line",
                "color":"#FF0000",
                "xAxisVariable": "depth",
                "yAxisVariable": "dDipeMinusEE",
                "smooth": false,
                "lineType": "dashed",
                "symbol": "circle",
                "symbolSize": 10,
                "convertData": false
            },
            {
                "id": 3,
                "name": "SC E dBe(+)",
                "key": "SCPositionDatas",
                "type": "line",
                "color":"#0099ff",
                "xAxisVariable": "depth",
                "yAxisVariable": "dBePlusEE",
                "smooth": false,
                "lineType": "solid",
                "symbol": "arrow",
                "symbolSize": 10,
                "convertData": false
            },
            {
                "id": 4,
                "name": "SC E dBe(-)",
                "key": "SCPositionDatas",
                "type": "line",
                "color":"#0099ff",
                "xAxisVariable": "depth",
                "yAxisVariable": "dBeMinusEE",
                "smooth": false,
                "lineType": "dashed",
                "symbol": "diamond",
                "symbolSize": 10,
                "convertData": false
            },
            {
                "id": 5,
                "name": "SC E Sxy",
                "key": "SCPositionDatas",
                "type": "line",
                "color":"#cc33ff",
                "xAxisVariable": "depth",
                "yAxisVariable": "sxyEE",
                "smooth": false,
                "lineType": "solid",
                "symbol": "triangle",
                "symbolSize": 10,
                "convertData": false
            },
            {
                "id": 6,
                "name": "SC E BGm",
                "key": "SCPositionDatas",
                "type": "line",
                "color": "#ffbf00",
                "xAxisVariable": "depth",
                "yAxisVariable": "bGmEE",
                "smooth": false,
                "lineType": "solid",
                "symbol": "rect",
                "symbolSize": 10,
                "convertData": false
            },
            {
                "id": 7,
                "name": "SC E dDecle",
                "key": "SCPositionDatas",
                "type": "line",
                "color":"#ccffff",
                "xAxisVariable": "depth",
                "yAxisVariable": "dDecleEE",
                "smooth": false,
                "lineType": "solid",
                "symbol": "rect",
                "symbolSize": 10,
                "convertData": false
            },
            {
                "id": 8,
                "name": "SC E total(+)",
                "key": "SCPositionDatas",
                "type": "line",
                "color":"#66ff66",
                "xAxisVariable": "depth",
                "yAxisVariable": "totalEEPlus",
                "smooth": false,
                "lineType": "solid",
                "symbol": "roundRect",
                "symbolSize": 10,
                "convertData": false
            },
            {
                "id": 9,
                "name": "SC E total(-)",
                "key": "SCPositionDatas",
                "type": "line",
                "color":"#66ff66",
                "xAxisVariable": "depth",
                "yAxisVariable": "totalEEMinus",
                "smooth": false,
                "lineType": "dashed",
                "symbol": "roundRect",
                "symbolSize": 10,
                "convertData": false
            }
        ]
    },
    "12": {
        "xAxisName": "Measured Depth (ft)",
        "yAxisName": "Lateral Error (ft)",
        "data": [
            {
                "id": 1,
                "name": "SC Lat dDipe(+)",
                "key": "SCPositionDatas",
                "type": "line",
                "color":"#FF0000",
                "xAxisVariable": "depth",
                "yAxisVariable": "dDipePlusLE",
                "smooth": false,
                "symbolSize": 10,
                "lineType": "solid",
                "symbol": "arrow",
                "convertData": false
            },
            {
                "id": 2,
                "name": "SC Lat dDipe(-)",
                "key": "SCPositionDatas",
                "type": "line",
                "color":"#FF0000",
                "xAxisVariable": "depth",
                "yAxisVariable": "dDipeMinusLE",
                "smooth": false,
                "lineType": "dashed",
                "symbol": "circle",
                "symbolSize": 10,
                "convertData": false
            },
            {
                "id": 3,
                "name": "SC Lat dBe(+)",
                "key": "SCPositionDatas",
                "type": "line",
                "color":"#0099ff",
                "xAxisVariable": "depth",
                "yAxisVariable": "dBePlusLE",
                "smooth": false,
                "lineType": "solid",
                "symbol": "arrow",
                "symbolSize": 10,
                "convertData": false
            },
            {
                "id": 4,
                "name": "SC Lat dBe(-)",
                "key": "SCPositionDatas",
                "type": "line",
                "color":"#0099ff",
                "xAxisVariable": "depth",
                "yAxisVariable": "dBeMinusLE",
                "smooth": false,
                "lineType": "dashed",
                "symbol": "diamond",
                "symbolSize": 10,
                "convertData": false
            },
            {
                "id": 5,
                "name": "SC Lat Sxy",
                "key": "SCPositionDatas",
                "type": "line",
                "color":"#cc33ff",
                "xAxisVariable": "depth",
                "yAxisVariable": "sxyLE",
                "smooth": false,
                "lineType": "solid",
                "symbol": "triangle",
                "symbolSize": 10,
                "convertData": false
            },
            {
                "id": 6,
                "name": "SC Lat BGm",
                "key": "SCPositionDatas",
                "type": "line",
                "color": "#ffbf00",
                "xAxisVariable": "depth",
                "yAxisVariable": "bGmLE",
                "smooth": false,
                "lineType": "solid",
                "symbol": "rect",
                "symbolSize": 10,
                "convertData": false
            },
            {
                "id": 7,
                "name": "SC Lat dDecle",
                "key": "SCPositionDatas",
                "type": "line",
                "color":"#ccffff",
                "xAxisVariable": "depth",
                "yAxisVariable": "dDecleLE",
                "smooth": false,
                "lineType": "solid",
                "symbol": "rect",
                "symbolSize": 10,
                "convertData": false
            },
            {
                "id": 8,
                "name": "SC Lat total(+)",
                "key": "SCPositionDatas",
                "type": "line",
                "color":"#66ff66",
                "xAxisVariable": "depth",
                "yAxisVariable": "totalLEPlus",
                "smooth": false,
                "lineType": "solid",
                "symbol": "roundRect",
                "symbolSize": 10,
                "convertData": false
            },
            {
                "id": 9,
                "name": "SC Lat total(-)",
                "key": "SCPositionDatas",
                "type": "line",
                "color":"#66ff66",
                "xAxisVariable": "depth",
                "yAxisVariable": "totalLEMinus",
                "smooth": false,
                "lineType": "dashed",
                "symbol": "roundRect",
                "symbolSize": 10,
                "convertData": false
            }
        ]
    }
}