[
  {
    "Order": 0,
    "FriendlyName": "Depth (ft)",
    "Visible": true,
    "Variable": "depth",
    "UnitName": "",
    "FormatType": null,
    "IsFrozen": false,
    "DecPlaces":2,
    "ColumnWidth": "65px"
  },
  {
    "Order": 1,
    "FriendlyName": "Inc (°)",
    "Visible": false,
    "Variable": "aziErrorInclination",
    "UnitName": "",
    "FormatType": null,
    "IsFrozen": false,
    "DecPlaces":2,
    "ColumnWidth": "50px"
  },
  {
    "Order": 2,
    "FriendlyName": "Azi <Grid> (°)",
    "Visible": false,
    "Variable": "aziErrorAzimuth",
    "ColorVariable":"aziErrorAzimuth",
    "ColorCodes":["bg-purple"],
    "UnitName": "",
    "FormatType": null,
    "IsFrozen": false,
    "DecPlaces":2,
    "ColumnWidth": "85px"
  },
  {
    "Order": 3,
    "FriendlyName": "Azi Mag (°)",
    "Visible": false,
    "Variable": "aziErrorAzimuthMagnetic",
    "UnitName": "",
    "FormatType": null,
    "IsFrozen": false,
    "DecPlaces":2,
    "ColumnWidth": "70px"
  },
  {
    "Order": 4,
    "FriendlyName": "LC dAz(dBz) (°)",
    "Visible": false,
    "Variable": "dAzdBz",
    "UnitName": "",
    "FormatType": null,
    "IsFrozen": false,
    "DecPlaces":3,
    "ColumnWidth": "96px"
  },
  {
    "Order": 5,
    "FriendlyName": "LC dAz(Sxy) (°)",
    "Visible": false,
    "Variable": "dAzSxy",
    "UnitName": "",
    "FormatType": null,
    "IsFrozen": false,
    "DecPlaces":3,
    "ColumnWidth": "96px"
  },
  {
    "Order": 6,
    "FriendlyName": "LC dAz(BGm) (°)",
    "Visible": false,
    "Variable": "dAzBGm",
    "UnitName": "",
    "FormatType": null,
    "IsFrozen": false,
    "DecPlaces":3,
    "ColumnWidth": "105px"
  },
  {
    "Order": 7,
    "FriendlyName": "LC dAz(total) (°)",
    "Visible": false,
    "Variable": "dAzTotal",
    "ColorVariable":"dAzTotal",
    "ColorCodes":["bg-dark-blue"],
    "UnitName": "",
    "FormatType": null,
    "IsFrozen": false,
    "DecPlaces":3,
    "ColumnWidth": "100px"
  },
  {
    "Order": 8,
    "FriendlyName": "dDip(dBz) (°)",
    "Visible": false,
    "Variable": "dDipdBz",
    "UnitName": "",
    "FormatType": null,
    "IsFrozen": false,
    "DecPlaces":3,
    "ColumnWidth": "87px"
  },
  {
    "Order": 9,
    "FriendlyName": "dDip(Sxy) (°)",
    "Visible": false,
    "Variable": "dDipSxy",
    "UnitName": "",
    "FormatType": null,
    "IsFrozen": false,
    "DecPlaces":3,
    "ColumnWidth": "82px"
  },
  {
    "Order": 10,
    "FriendlyName": "dDip(BGm) (°)",
    "Visible": false,
    "Variable": "dDipBGm",
    "UnitName": "",
    "FormatType": null,
    "IsFrozen": false,
    "DecPlaces":3,
    "ColumnWidth": "90px"
  },
  {
    "Order": 10,
    "FriendlyName": "dDip(total) (°)",
    "Visible": false,
    "Variable": "dDipTotal",
    "ColorVariable":"dDipTotal",
    "ColorCodes":["bg-dark-blue"],
    "UnitName": "",
    "FormatType": null,
    "IsFrozen": false,
    "DecPlaces":3,
    "ColumnWidth": "90px"
  },
  {
    "Order": 11,
    "FriendlyName": "dBt(dBz) (nT)",
    "Visible": false,
    "Variable": "dBtdBz",
    "UnitName": "",
    "FormatType": null,
    "IsFrozen": false,
    "DecPlaces":3,
    "ColumnWidth": "85px"
  },
  {
    "Order": 11,
    "FriendlyName": "dBt(Sxy) (nT)",
    "Visible": false,
    "Variable": "dBtSxy",
    "UnitName": "",
    "FormatType": null,
    "IsFrozen": false,
    "DecPlaces":0,
    "ColumnWidth": "85px"
  },
  {
    "Order": 12,
    "FriendlyName": "dBt(BGm) (nT)",
    "Visible": false,
    "Variable": "dBtBGm",
    "UnitName": "",
    "FormatType": null,
    "IsFrozen": false,
    "DecPlaces":0,
    "ColumnWidth": "90px"
  },
  {
    "Order": 13,
    "FriendlyName": "dBt(total) (nT)",
    "Visible": false,
    "Variable": "dBtTotal",
    "ColorVariable":"dBtTotal",
    "ColorCodes":["bg-dark-blue"],
    "UnitName": "",
    "FormatType": null,
    "IsFrozen": false,
    "DecPlaces":0,
    "ColumnWidth": "90px"
  }
]
