[
  {
    "Order": 0,
    "FriendlyName": "Depth (ft)",
    "Visible": true,
    "Variable": "depth",
    "UnitName": "",
    "FormatType": null,
    "IsFrozen": false,
    "DecPlaces":2,
    "ColumnWidth": "65px"
  },
  {
    "Order": 1,
    "FriendlyName": "Inc (°)",
    "Visible": false,
    "Variable": "aziErrorInclination",
    "UnitName": "",
    "FormatType": null,
    "IsFrozen": false,
    "DecPlaces":2,
    "ColumnWidth": "50px"
  },
  {
    "Order": 2,
    "FriendlyName": "Azi <Grid> (°)",
    "Visible": false,
    "Variable": "aziErrorAzimuth",
    "ColorVariable":"aziErrorAzimuth",
    "ColorCodes":["bg-purple"],
    "UnitName": "",
    "FormatType": null,
    "IsFrozen": false,
    "DecPlaces":2,
    "ColumnWidth": "86px"
  },
  {
    "Order": 3,
    "FriendlyName": "LC N dBz (ft)",
    "Visible": false,
    "Variable": "dBzNE",
    "UnitName": "",
    "FormatType": null,
    "IsFrozen": false,
    "DecPlaces":2,
    "ColumnWidth": "82px"
  },
  {
    "Order": 4,
    "FriendlyName": "LC N Sxy (ft)",
    "Visible": false,
    "Variable": "sxyNE",
    "UnitName": "",
    "FormatType": null,
    "IsFrozen": false,
    "DecPlaces":2,
    "ColumnWidth": "81px"
  },
  {
    "Order": 5,
    "FriendlyName": "LC N BGm (ft)",
    "Visible": false,
    "Variable": "bGmNE",
    "UnitName": "",
    "FormatType": null,
    "IsFrozen": false,
    "DecPlaces":2,
    "ColumnWidth": "89px"
  },
  {
    "Order": 6,
    "FriendlyName": "LC N dDecle (ft)",
    "Visible": false,
    "Variable": "dDecleNE",
    "UnitName": "",
    "FormatType": null,
    "IsFrozen": false,
    "DecPlaces":2,
    "ColumnWidth": "100px"
  },
  {
    "Order": 7,
    "FriendlyName": "LC N total (ft)",
    "Visible": false,
    "Variable": "totalNE",
    "ColorVariable":"totalNE",
    "ColorCodes":["bg-dark-blue"],
    "UnitName": "",
    "FormatType": null,
    "IsFrozen": false,
    "DecPlaces":2,
    "ColumnWidth": "86px"
  },
  {
    "Order": 8,
    "FriendlyName": "LC E dBz (ft)",
    "Visible": false,
    "Variable": "dBzEE",
    "UnitName": "",
    "FormatType": null,
    "IsFrozen": false,
    "DecPlaces":2,
    "ColumnWidth": "81px"
  },
  {
    "Order": 9,
    "FriendlyName": "LC E Sxy (ft)",
    "Visible": false,
    "Variable": "sxyEE",
    "UnitName": "",
    "FormatType": null,
    "IsFrozen": false,
    "DecPlaces":2,
    "ColumnWidth": "78px"
  },
  {
    "Order": 10,
    "FriendlyName": "LC E BGm (ft)",
    "Visible": false,
    "Variable": "bGmEE",
    "UnitName": "",
    "FormatType": null,
    "IsFrozen": false,
    "DecPlaces":2,
    "ColumnWidth": "86px"
  },
  {
    "Order": 11,
    "FriendlyName": "LC E dDecle (ft)",
    "Visible": false,
    "Variable": "dDecleEE",
    "UnitName": "",
    "FormatType": null,
    "IsFrozen": false,
    "DecPlaces":2,
    "ColumnWidth": "98px"
  },
  {
    "Order": 12,
    "FriendlyName": "LC E total (ft)",
    "Visible": false,
    "Variable": "totalEE",
    "ColorVariable":"totalEE",
    "ColorCodes":["bg-dark-blue"],
    "UnitName": "",
    "FormatType": null,
    "IsFrozen": false,
    "DecPlaces":2,
    "ColumnWidth": "86px"
  },
  {
    "Order": 13,
    "FriendlyName": "LC Lat dBz (ft)",
    "Visible": false,
    "Variable": "dBzLE",
    "UnitName": "",
    "FormatType": null,
    "IsFrozen": false,
    "DecPlaces":2,
    "ColumnWidth": "91px"
  },
  {
    "Order": 14,
    "FriendlyName": "LC Lat Sxy (ft)",
    "Visible": false,
    "Variable": "sxyLE",
    "UnitName": "",
    "FormatType": null,
    "IsFrozen": false,
    "DecPlaces":2,
    "ColumnWidth": "87px"
  },
  {
    "Order": 15,
    "FriendlyName": "LC Lat BGm (ft)",
    "Visible": false,
    "Variable": "bGmLE",
    "UnitName": "",
    "FormatType": null,
    "IsFrozen": false,
    "DecPlaces":2,
    "ColumnWidth": "96px"
  },
  {
    "Order": 16,
    "FriendlyName": "LC Lat dDecle (ft)",
    "Visible": false,
    "Variable": "dDecleLE",
    "UnitName": "",
    "FormatType": null,
    "IsFrozen": false,
    "DecPlaces":2,
    "ColumnWidth": "110px"
  },
  {
    "Order": 17,
    "FriendlyName": "LC Lat total (ft)",
    "Visible": false,
    "Variable": "totalLE",
    "ColorVariable":"totalLE",
    "ColorCodes":["bg-dark-blue"],
    "UnitName": "",
    "FormatType": null,
    "IsFrozen": false,
    "DecPlaces":2,
    "ColumnWidth": "100px"
  }
]
