[
  {
    "Order": 0,
    "FriendlyName": "Depth (ft)",
    "Visible": true,
    "Variable": "depth",
    "UnitName": "",
    "FormatType": null,
    "IsFrozen": false,
    "DecPlaces":2,
    "ColumnWidth": "65px"
  },
  {
    "Order": 1,
    "FriendlyName": "Inc (°)",
    "Visible": false,
    "Variable": "aziErrorInclination",
    "UnitName": "",
    "FormatType": null,
    "IsFrozen": false,
    "DecPlaces":2,
    "ColumnWidth": "50px"
  },
  {
    "Order": 2,
    "FriendlyName": "Azi <Grid> (°)",
    "Visible": false,
    "Variable": "aziErrorAzimuth",
    "ColorVariable":"aziErrorAzimuth",
    "ColorCodes":["bg-purple"],
    "UnitName": "",
    "FormatType": null,
    "IsFrozen": false,
    "DecPlaces":2,
    "ColumnWidth": "85px"
  },
  {
    "Order": 3,
    "FriendlyName": "Azi Mag (°)",
    "Visible": false,
    "Variable": "aziErrorAzimuthMagnetic",
    "UnitName": "",
    "FormatType": null,
    "IsFrozen": false,
    "DecPlaces":2,
    "ColumnWidth": "70px"
  },
  {
    "Order": 4,
    "FriendlyName": "dAz(dDipe+) (°)",
    "Visible": false,
    "Variable": "dAzdDipePlus",
    "UnitName": "",
    "FormatType": null,
    "IsFrozen": false,
    "DecPlaces":3,
    "ColumnWidth": "100px"
  },
  {
    "Order": 5,
    "FriendlyName": "dAz(dDipe-) (°)",
    "Visible": false,
    "Variable": "dAzdDipeMinus",
    "UnitName": "",
    "FormatType": null,
    "IsFrozen": false,
    "DecPlaces":3,
    "ColumnWidth": "95px"
  },
  {
    "Order": 6,
    "FriendlyName": "dAz(dBe+) (°)",
    "Visible": false,
    "Variable": "dAzdBePlus",
    "UnitName": "",
    "FormatType": null,
    "IsFrozen": false,
    "DecPlaces":3,
    "ColumnWidth": "85px"
  },
  {
    "Order": 7,
    "FriendlyName": "dAz(dBe-) (°)",
    "Visible": false,
    "Variable": "dAzdBeMinus",
    "UnitName": "",
    "FormatType": null,
    "IsFrozen": false,
    "DecPlaces":3,
    "ColumnWidth": "85px"
  },
  {
    "Order": 8,
    "FriendlyName": "SC dAz(Sxy) (°)",
    "Visible": false,
    "Variable": "dAzSxy",
    "UnitName": "",
    "FormatType": null,
    "IsFrozen": false,
    "DecPlaces":3,
    "ColumnWidth": "95px"
  },
  {
    "Order": 9,
    "FriendlyName": "SC dAz(BGm) (°)",
    "Visible": false,
    "Variable": "dAzBGm",
    "UnitName": "",
    "FormatType": null,
    "IsFrozen": false,
    "DecPlaces":3,
    "ColumnWidth": "105px"
  },
  {
    "Order": 10,
    "FriendlyName": "SC dAz(total+) (°)",
    "Visible": false,
    "Variable": "dAzTotalPlus",
    "ColorVariable":"dAzTotalPlus",
    "ColorCodes":["bg-dark-blue"],
    "UnitName": "",
    "FormatType": null,
    "IsFrozen": false,
    "DecPlaces":3,
    "ColumnWidth": "108px"
  },
  {
    "Order": 10,
    "FriendlyName": "SC dAz(total-) (°)",
    "Visible": false,
    "Variable": "dAzTotalMinus",
    "ColorVariable":"dAzTotalMinus",
    "ColorCodes":["bg-dark-blue"],
    "UnitName": "",
    "FormatType": null,
    "IsFrozen": false,
    "DecPlaces":3,
    "ColumnWidth": "105px"
  },
  {
    "Order": 11,
    "FriendlyName": "dDipc(dDipe+) (°)",
    "Visible": false,
    "Variable": "dDipcdDipePlus",
    "UnitName": "",
    "FormatType": null,
    "IsFrozen": false,
    "DecPlaces":3,
    "ColumnWidth": "110px"
  },
  {
    "Order": 11,
    "FriendlyName": "dDipc(dDipe-) (°)",
    "Visible": false,
    "Variable": "dDipcdDipeMinus",
    "UnitName": "",
    "FormatType": null,
    "IsFrozen": false,
    "DecPlaces":3,
    "ColumnWidth": "108px"
  },
  {
    "Order": 12,
    "FriendlyName": "dDipc(dBe+) (°)",
    "Visible": false,
    "Variable": "dDipcdBePlus",
    "UnitName": "",
    "FormatType": null,
    "IsFrozen": false,
    "DecPlaces":3,
    "ColumnWidth": "100px"
  },
  {
    "Order": 13,
    "FriendlyName": "dDipc(dBe-) (°)",
    "Visible": false,
    "Variable": "dDipcdBeMinus",
    "UnitName": "",
    "FormatType": null,
    "IsFrozen": false,
    "DecPlaces":3,
    "ColumnWidth": "98px"
  },
  {
    "Order": 14,
    "FriendlyName": "dDipc(Sxy) (°)",
    "Visible": false,
    "Variable": "dDipcSxy",
    "UnitName": "",
    "FormatType": null,
    "IsFrozen": false,
    "DecPlaces":3,
    "ColumnWidth": "90px"
  },
  {
    "Order": 15,
    "FriendlyName": "dDipc(BGm) (°)",
    "Visible": false,
    "Variable": "dDipcBGm",
    "UnitName": "",
    "FormatType": null,
    "IsFrozen": false,
    "DecPlaces":3,
    "ColumnWidth": "100px"
  },
  {
    "Order": 16,
    "FriendlyName": "dDipc(total+) (°)",
    "Visible": false,
    "Variable": "dDipcTotalPlus",
    "ColorVariable":"dDipcTotalPlus",
    "ColorCodes":["bg-dark-blue"],
    "UnitName": "",
    "FormatType": null,
    "IsFrozen": false,
    "DecPlaces":3,
    "ColumnWidth": "103px"
  },
  {
    "Order": 17,
    "FriendlyName": "dDipc(total-) (°)",
    "Visible": false,
    "Variable": "dDipcTotalMinus",
    "ColorVariable":"dDipcTotalPlus",
    "ColorCodes":["bg-dark-blue"],
    "UnitName": "",
    "FormatType": null,
    "IsFrozen": false,
    "DecPlaces":3,
    "ColumnWidth": "100px"
  },
  {
    "Order": 18,
    "FriendlyName": "dBtc(dDipe+) (nT)",
    "Visible": false,
    "Variable": "dBtcdDipePlus",
    "UnitName": "",
    "FormatType": null,
    "IsFrozen": false,
    "DecPlaces":3,
    "ColumnWidth": "110px"
  },
  {
    "Order": 19,
    "FriendlyName": "dBtc(dDipe-) (nT)",
    "Visible": false,
    "Variable": "dBtcdDipeMinus",
    "UnitName": "",
    "FormatType": null,
    "IsFrozen": false,
    "DecPlaces":0,
    "ColumnWidth": "110px"
  },
  {
    "Order": 20,
    "FriendlyName": "dBtc(dBe+) (nT)",
    "Visible": false,
    "Variable": "dBtcdBePlus",
    "UnitName": "",
    "FormatType": null,
    "IsFrozen": false,
    "DecPlaces":0,
    "ColumnWidth": "100px"
  },
  {
    "Order": 21,
    "FriendlyName": "dBtc(dBe-) (nT)",
    "Visible": false,
    "Variable": "dBtcdBeMinus",
    "UnitName": "",
    "FormatType": null,
    "IsFrozen": false,
    "DecPlaces":0,
    "ColumnWidth": "100px"
  },
  {
    "Order": 22,
    "FriendlyName": "dBtc(Sxy) (nT)",
    "Visible": false,
    "Variable": "dBtcSxy",
    "UnitName": "",
    "FormatType": null,
    "IsFrozen": false,
    "DecPlaces":0,
    "ColumnWidth": "88px"
  },
  {
    "Order": 22,
    "FriendlyName": "dBtc(BGm) (nT)",
    "Visible": false,
    "Variable": "dBtcBGm",
    "UnitName": "",
    "FormatType": null,
    "IsFrozen": false,
    "DecPlaces":0,
    "ColumnWidth": "100px"
  },
  {
    "Order": 23,
    "FriendlyName": "dBtc(total+) (nT)",
    "Visible": false,
    "Variable": "dBtcTotalPlus",
    "ColorVariable":"dBtcTotalPlus",
    "ColorCodes":["bg-dark-blue"],
    "UnitName": "",
    "FormatType": null,
    "IsFrozen": false,
    "DecPlaces":0,
    "ColumnWidth": "103px"
  },
  {
    "Order": 23,
    "FriendlyName": "dBtc(total-) (nT)",
    "Visible": false,
    "Variable": "dBtcTotalMinus",
    "ColorVariable":"dBtcTotalMinus",
    "ColorCodes":["bg-dark-blue"],
    "UnitName": "",
    "FormatType": null,
    "IsFrozen": false,
    "DecPlaces":0,
    "ColumnWidth": "100px"
  },
  {
    "Order": 24,
    "FriendlyName": "dBzc(dDipe+) (nT)",
    "Visible": false,
    "Variable": "dBzcdDipePlus",
    "UnitName": "",
    "FormatType": null,
    "IsFrozen": false,
    "DecPlaces":0,
    "ColumnWidth": "113px"
  },
  {
    "Order": 25,
    "FriendlyName": "dBzc(dDipe-) (nT)",
    "Visible": false,
    "Variable": "dBzcdDipeMinus",
    "UnitName": "",
    "FormatType": null,
    "IsFrozen": false,
    "DecPlaces":0,
    "ColumnWidth": "113px"
  },
  {
    "Order": 26,
    "FriendlyName": "dBzc(dBe+) (nT)",
    "Visible": false,
    "Variable": "dBzcdBePlus",
    "UnitName": "",
    "FormatType": null,
    "IsFrozen": false,
    "DecPlaces":0,
    "ColumnWidth": "100px"
  },
  {
    "Order": 27,
    "FriendlyName": "dBzc(dBe-) (nT)",
    "Visible": false,
    "Variable": "dBzcdBeMinus",
    "UnitName": "",
    "FormatType": null,
    "IsFrozen": false,
    "DecPlaces":0,
    "ColumnWidth": "100px"
  },
  {
    "Order": 28,
    "FriendlyName": "dBzc(Sxy) (nT)",
    "Visible": false,
    "Variable": "dBzcSxy",
    "UnitName": "",
    "FormatType": null,
    "IsFrozen": false,
    "DecPlaces":0,
    "ColumnWidth": "90px"
  },
  {
    "Order": 29,
    "FriendlyName": "dBzc(BGm) (nT)",
    "Visible": false,
    "Variable": "dBzcBGm",
    "UnitName": "",
    "FormatType": null,
    "IsFrozen": false,
    "DecPlaces":0,
    "ColumnWidth": "100px"
  },
  {
    "Order": 30,
    "FriendlyName": "dBzc(total+) (nT)",
    "Visible": false,
    "Variable": "dBzcTotalPlus",
    "ColorVariable":"dBzcTotalPlus",
    "ColorCodes":["bg-dark-blue"],
    "UnitName": "",
    "FormatType": null,
    "IsFrozen": false,
    "DecPlaces":0,
    "ColumnWidth": "103px"
  },
  {
    "Order": 31,
    "FriendlyName": "dBzc(total-) (nT)",
    "Visible": false,
    "Variable": "dBzcTotalMinus",
    "ColorVariable":"dBzcTotalMinus",
    "ColorCodes":["bg-dark-blue"],
    "UnitName": "",
    "FormatType": null,
    "IsFrozen": false,
    "DecPlaces":0,
    "ColumnWidth": "100px"
  }
]
