[
  {
    "Order": 0,
    "FriendlyName": "Depth (ft)",
    "Visible": true,
    "Variable": "depth",
    "UnitName": "",
    "FormatType": null,
    "IsFrozen": true,
    "DecPlaces":2,
    "ColumnWidth": "65px"
  },
  {
    "Order": 1,
    "FriendlyName": "Inc (°)",
    "Visible": false,
    "Variable": "aziErrorInclination",
    "UnitName": "",
    "FormatType": null,
    "IsFrozen": true,
    "DecPlaces":2,
    "ColumnWidth": "50px"
  },
  {
    "Order": 2,
    "FriendlyName": "Azi <Grid> (°)",
    "Visible": false,
    "Variable": "aziErrorAzimuth",
    "ColorVariable":"aziErrorAzimuth",
    "ColorCodes":["bg-purple"],
    "UnitName": "",
    "FormatType": null,
    "IsFrozen": true,
    "DecPlaces":2,
    "ColumnWidth": "85px"
  },
  {
    "Order": 3,
    "FriendlyName": "SC N dDipe (+) (ft)",
    "Visible": false,
    "Variable": "dDipePlusNE",
    "UnitName": "",
    "FormatType": null,
    "IsFrozen": false,
    "DecPlaces":2,
    "ColumnWidth": "113px"
  },
  {
    "Order": 4,
    "FriendlyName": "SC N dDipe (-) (ft)",
    "Visible": false,
    "Variable": "dDipeMinusNE",
    "UnitName": "",
    "FormatType": null,
    "IsFrozen": false,
    "DecPlaces":2,
    "ColumnWidth": "110px"
  },
  {
    "Order": 5,
    "FriendlyName": "SC N dBe (+) (ft)",
    "Visible": false,
    "Variable": "dBePlusNE",
    "UnitName": "",
    "FormatType": null,
    "IsFrozen": false,
    "DecPlaces":2,
    "ColumnWidth": "102px"
  },
  {
    "Order": 6,
    "FriendlyName": "SC N dBe (-) (ft)",
    "Visible": false,
    "Variable": "dBeMinusNE",
    "UnitName": "",
    "FormatType": null,
    "IsFrozen": false,
    "DecPlaces":2,
    "ColumnWidth": "100px"
  },
  {
    "Order": 7,
    "FriendlyName": "SC N Sxy (ft)",
    "Visible": false,
    "Variable": "sxyNE",
    "UnitName": "",
    "FormatType": null,
    "IsFrozen": false,
    "DecPlaces":2,
    "ColumnWidth": "82px"
  },
  {
    "Order": 8,
    "FriendlyName": "SC N BGm (ft)",
    "Visible": false,
    "Variable": "bGmNE",
    "UnitName": "",
    "FormatType": null,
    "IsFrozen": false,
    "DecPlaces":2,
    "ColumnWidth": "90px"
  },
  {
    "Order": 9,
    "FriendlyName": "SC N dDecle (ft)",
    "Visible": false,
    "Variable": "dDecleNE",
    "UnitName": "",
    "FormatType": null,
    "IsFrozen": false,
    "DecPlaces":2,
    "ColumnWidth": "103px"
  },
  {
    "Order": 10,
    "FriendlyName": "SC N total(+) (ft)",
    "Visible": false,
    "Variable": "totalNEPlus",
    "ColorVariable":"totalNEPlus",
    "ColorCodes":["bg-dark-blue"],
    "UnitName": "",
    "FormatType": null,
    "IsFrozen": false,
    "DecPlaces":2,
    "ColumnWidth": "103px"
  },
  {
    "Order": 10,
    "FriendlyName": "SC N total(-) (ft)",
    "Visible": false,
    "Variable": "totalNEMinus",
    "ColorVariable":"totalNEMinus",
    "ColorCodes":["bg-dark-blue"],
    "UnitName": "",
    "FormatType": null,
    "IsFrozen": false,
    "DecPlaces":2,
    "ColumnWidth": "100px"
  },
  {
    "Order": 11,
    "FriendlyName": "SC E dDipe(+) (ft)",
    "Visible": false,
    "Variable": "dDipePlusEE",
    "UnitName": "",
    "FormatType": null,
    "IsFrozen": false,
    "DecPlaces":2,
    "ColumnWidth": "110px"
  },
  {
    "Order": 11,
    "FriendlyName": "SC E dDipe(-) (ft)",
    "Visible": false,
    "Variable": "dDipeMinusEE",
    "UnitName": "",
    "FormatType": null,
    "IsFrozen": false,
    "DecPlaces":2,
    "ColumnWidth": "109px"
  },
  {
    "Order": 12,
    "FriendlyName": "SC E dBe(+) (ft)",
    "Visible": false,
    "Variable": "dBePlusEE",
    "UnitName": "",
    "FormatType": null,
    "IsFrozen": false,
    "DecPlaces":2,
    "ColumnWidth": "100px"
  },
  {
    "Order": 13,
    "FriendlyName": "SC E dBe(-) (ft)",
    "Visible": false,
    "Variable": "dBeMinusEE",
    "UnitName": "",
    "FormatType": null,
    "IsFrozen": false,
    "DecPlaces":2,
    "ColumnWidth": "98px"
  },
  {
    "Order": 14,
    "FriendlyName": "SC E Sxy (ft)",
    "Visible": false,
    "Variable": "sxyEE",
    "UnitName": "",
    "FormatType": null,
    "IsFrozen": false,
    "DecPlaces":2,
    "ColumnWidth": "80px"
  },
  {
    "Order": 15,
    "FriendlyName": "SC E BGm (ft)",
    "Visible": false,
    "Variable": "bGmEE",
    "UnitName": "",
    "FormatType": null,
    "IsFrozen": false,
    "DecPlaces":2,
    "ColumnWidth": "88px"
  },
  {
    "Order": 16,
    "FriendlyName": "SC E dDecle (ft)",
    "Visible": false,
    "Variable": "dDecleEE",
    "UnitName": "",
    "FormatType": null,
    "IsFrozen": false,
    "DecPlaces":2,
    "ColumnWidth": "100px"
  },
  {
    "Order": 17,
    "FriendlyName": "SC E total(+) (ft)",
    "Visible": false,
    "Variable": "totalEEPlus",
    "ColorVariable":"totalEEPlus",
    "ColorCodes":["bg-dark-blue"],
    "UnitName": "",
    "FormatType": null,
    "IsFrozen": false,
    "DecPlaces":2,
    "ColumnWidth": "100px"
  },
  {
    "Order": 18,
    "FriendlyName": "SC E total(-) (ft)",
    "Visible": false,
    "Variable": "totalEEMinus",
    "ColorVariable":"totalEEMinus",
    "ColorCodes":["bg-dark-blue"],
    "UnitName": "",
    "FormatType": null,
    "IsFrozen": false,
    "DecPlaces":2,
    "ColumnWidth": "99px"
  },
  {
    "Order": 19,
    "FriendlyName": "SC Lat dDipe(+) (ft)",
    "Visible": false,
    "Variable": "dDipePlusLE",
    "UnitName": "",
    "FormatType": null,
    "IsFrozen": false,
    "DecPlaces":2,
    "ColumnWidth": "118px"
  },
  {
    "Order": 19,
    "FriendlyName": "SC Lat dDipe(-) (ft)",
    "Visible": false,
    "Variable": "dDipeMinusLE",
    "UnitName": "",
    "FormatType": null,
    "IsFrozen": false,
    "DecPlaces":2,
    "ColumnWidth": "115px"
  },
  {
    "Order": 20,
    "FriendlyName": "SC Lat dBe(+) (ft)",
    "Visible": false,
    "Variable": "dBePlusLE",
    "UnitName": "",
    "FormatType": null,
    "IsFrozen": false,
    "DecPlaces":2,
    "ColumnWidth": "110px"
  },
  {
    "Order": 21,
    "FriendlyName": "SC Lat dBe(-) (ft)",
    "Visible": false,
    "Variable": "dBeMinusLE",
    "UnitName": "",
    "FormatType": null,
    "IsFrozen": false,
    "DecPlaces":2,
    "ColumnWidth": "106px"
  },
  {
    "Order": 21,
    "FriendlyName": "SC Lat Sxy (ft)",
    "Visible": false,
    "Variable": "sxyLE",
    "UnitName": "",
    "FormatType": null,
    "IsFrozen": false,
    "DecPlaces":2,
    "ColumnWidth": "90px"
  },
  {
    "Order": 22,
    "FriendlyName": "SC Lat BGm (ft)",
    "Visible": false,
    "Variable": "bGmLE",
    "UnitName": "",
    "FormatType": null,
    "IsFrozen": false,
    "DecPlaces":2,
    "ColumnWidth": "100px"
  },
  {
    "Order": 22,
    "FriendlyName": "SC Lat dDecle (ft)",
    "Visible": false,
    "Variable": "dDecleLE",
    "UnitName": "",
    "FormatType": null,
    "IsFrozen": false,
    "DecPlaces":2,
    "ColumnWidth": "110px"
  },
  {
    "Order": 23,
    "FriendlyName": "SC Lat total(+) (ft)",
    "Visible": false,
    "Variable": "totalLEPlus",
    "ColorVariable":"totalLEPlus",
    "ColorCodes":["bg-dark-blue"],
    "UnitName": "",
    "FormatType": null,
    "IsFrozen": false,
    "DecPlaces":2,
    "ColumnWidth": "110px"
  },
  {
    "Order": 24,
    "FriendlyName": "SC Lat total(-) (ft)",
    "Visible": false,
    "Variable": "totalLEMinus",
    "ColorVariable":"totalLEMinus",
    "ColorCodes":["bg-dark-blue"],
    "UnitName": "",
    "FormatType": null,
    "IsFrozen": false,
    "DecPlaces":2,
    "ColumnWidth": "110px"
  }
]
