{
  "1": {
    "xAxisName": "Hsg(°)",
    "yAxisName": "Gt (g)",
    "data": [
      {
        "id": 1,
        "name": "Gt (Raw)",
        "key": "RawDatas",
        "type": "scatter",
        "color":"#ffcc99",
        "xAxisVariable": "hsd",
        "yAxisVariable": "gt",
        "smooth": false,
        "symbol": "diamond",
        "symbolSize": 10,
        "convertData": false
      },
      {
        "id": 2,
        "name": "Sin (Gt)",
        "key": "RawDatas",
        "type": "line",
        "color":"#FF0000",
        "xAxisVariable": "hsd",
        "yAxisVariable": "gt",
        "smooth": false,
        "lineType": "solid",
        "symbolSize": 10,
        "convertData": true
      }
    ]
  },
  "2": {
    "xAxisName": "Measured Depth (ft)",
    "yAxisName": "dBx (nT)",
    "data": [
      {
        "id": 1,
        "name": "dBx (TFC)",
        "key": "TfcDatas",
        "type": "line",
        "color":"#0099ff",
        "smoothLine": true,
        "xAxisVariable": "depth",
        "yAxisVariable": "dBx",
        "smooth": false,
        "symbolSize": 10,
        "symbol": "triangle",
        "lineType": "solid",
        "convertData": false
      },
      {
        "id": 2,
        "name": "dBx (TFC+)",
        "key": "TfcDatas",
        "type": "line",
        "color":"#0099ff",
        "smoothLine": true,
        "xAxisVariable": "depth",
        "yAxisVariable": "dBxMax",
        "smooth": false,
        "symbolSize": 10,
        "symbol": "triangle",
        "lineType": "dashed",
        "convertData": false
      },
      {
        "id": 3,
        "name": "dBx (TFC-)",
        "key": "TfcDatas",
        "type": "line",
        "color":"#0099ff",
        "smoothLine": true,
        "xAxisVariable": "depth",
        "yAxisVariable": "dBxMin",
        "smooth": false,
        "symbolSize": 10,
        "symbol": "triangle",
        "lineType": "dashed",
        "convertData": false
      },
      {
        "id": 4,
        "name": "dBx (Trans)",
        "key": "TxyDatas",
        "type": "line",
        "color":"#66ff66",
        "smoothLine": true,
        "xAxisVariable": "depth",
        "yAxisVariable": "dBx",
        "smooth": false,
        "lineType": "solid",
        "symbol": "pin",
        "symbolSize": 10,
        "convertData": false
      },
      {
        "id": 5,
        "name": "dBx (Trans+)",
        "key": "TxyDatas",
        "type": "line",
        "color":"#66ff66",
        "smoothLine": true,
        "xAxisVariable": "depth",
        "yAxisVariable": "dBxMax",
        "smooth": false,
        "lineType": "dashed",
        "symbol": "pin",
        "symbolSize": 10,
        "convertData": false
      },
      {
        "id": 6,
        "name": "dBx (Trans-)",
        "key": "TxyDatas",
        "type": "line",
        "color":"#66ff66",
        "smoothLine": true,
        "xAxisVariable": "depth",
        "yAxisVariable": "dBxMin",
        "smooth": false,
        "lineType": "dashed",
        "symbol": "pin",
        "symbolSize": 10,
        "convertData": false
      },
      {
        "id": 7,
        "name": "dBx (SFE)",
        "key": "SfeDatas",
        "type": "line",
        "color":"#cc33ff",
        "smoothLine": true,
        "xAxisVariable": "depth",
        "yAxisVariable": "dBx",
        "smooth": false,
        "lineType": "solid",
        "symbol": "arrow",
        "symbolSize": 6,
        "convertData": false
      },
      {
        "id": 8,
        "name": "dBx (SFE+)",
        "key": "SfeDatas",
        "type": "line",
        "color":"#cc33ff",
        "smoothLine": true,
        "xAxisVariable": "depth",
        "yAxisVariable": "dBxMax",
        "smooth": false,
        "lineType": "dashed",
        "symbol": "arrow",
        "symbolSize": 10,
        "convertData": false
      },
      {
        "id": 9,
        "name": "dBx (SFE-)",
        "key": "SfeDatas",
        "type": "line",
        "color":"#cc33ff",
        "smoothLine": true,
        "xAxisVariable": "depth",
        "yAxisVariable": "dBxMin",
        "smooth": false,
        "lineType": "dashed",
        "symbol": "arrow",
        "symbolSize": 10,
        "convertData": false
      },
      {
        "id": 10,
        "name": "dBx (OSS)",
        "key": "DiyDatas",
        "type": "line",
        "color": "#ffbf00",
        "smoothLine": true,
        "xAxisVariable": "depth",
        "yAxisVariable": "dBx",
        "smooth": false,
        "lineType": "solid",
        "symbol": "circle",
        "symbolSize": 10,
        "convertData": false
      }
    ]
  },
  "3": {
    "xAxisName": "Measured Depth (ft)",
    "yAxisName": "dBy (nT)",
    "data": [
      {
        "id": 1,
        "name": "dBy (TFC)",
        "key": "TfcDatas",
        "type": "line",
        "color":"#0099ff",
        "smoothLine": true,
        "xAxisVariable": "depth",
        "yAxisVariable": "dBy",
        "smooth": false,
        "lineType": "solid",
        "symbol": "triangle",
        "symbolSize": 10,
        "convertData": false
      },
      {
        "id": 2,
        "name": "dBy (TFC+)",
        "key": "TfcDatas",
        "type": "line",
        "color":"#0099ff",
        "smoothLine": true,
        "xAxisVariable": "depth",
        "yAxisVariable": "dByMax",
        "smooth": false,
        "lineType": "dashed",
        "symbol": "triangle",
        "symbolSize": 10,
        "convertData": false
      },
      {
        "id": 3,
        "name": "dBy (TFC-)",
        "key": "TfcDatas",
        "type": "line",
        "color":"#0099ff",
        "smoothLine": true,
        "xAxisVariable": "depth",
        "yAxisVariable": "dByMin",
        "smooth": false,
        "lineType": "dashed",
        "symbol": "triangle",
        "symbolSize": 10,
        "convertData": false
      },
      {
        "id": 4,
        "name": "dBy (Trans)",
        "key": "TxyDatas",
        "type": "line",
        "color":"#66ff66",
        "smoothLine": true,
        "xAxisVariable": "depth",
        "yAxisVariable": "dBy",
        "smooth": false,
        "lineType": "solid",
        "symbol": "pin",
        "symbolSize": 10,
        "convertData": false
      },
      {
        "id": 5,
        "name": "dBy (Trans+)",
        "key": "TxyDatas",
        "type": "line",
        "color":"#66ff66",
        "smoothLine": true,
        "xAxisVariable": "depth",
        "yAxisVariable": "dByMax",
        "smooth": false,
        "lineType": "dashed",
        "symbol": "pin",
        "symbolSize": 10,
        "convertData": false
      },
      {
        "id": 6,
        "name": "dBy (Trans-)",
        "key": "TxyDatas",
        "type": "line",
        "color":"#66ff66",
        "smoothLine": true,
        "xAxisVariable": "depth",
        "yAxisVariable": "dByMin",
        "smooth": false,
        "lineType": "dashed",
        "symbol": "pin",
        "symbolSize": 10,
        "convertData": false
      },
      {
        "id": 7,
        "name": "dBy (SFE)",
        "key": "SfeDatas",
        "type": "line",
        "color":"#cc33ff",
        "smoothLine": true,
        "xAxisVariable": "depth",
        "yAxisVariable": "dBy",
        "smooth": false,
        "lineType": "solid",
        "symbol": "arrow",
        "symbolSize": 10,
        "convertData": false
      },
      {
        "id": 8,
        "name": "dBy (SFE+)",
        "key": "SfeDatas",
        "type": "line",
        "color":"#cc33ff",
        "smoothLine": true,
        "xAxisVariable": "depth",
        "yAxisVariable": "dByMax",
        "smooth": false,
        "lineType": "dashed",
        "symbol": "arrow",
        "symbolSize": 10,
        "convertData": false
      },
      {
        "id": 9,
        "name": "dBy (SFE-)",
        "key": "SfeDatas",
        "type": "line",
        "color":"#cc33ff",
        "smoothLine": true,
        "xAxisVariable": "depth",
        "yAxisVariable": "dByMin",
        "smooth": false,
        "lineType": "dashed",
        "symbol": "arrow",
        "symbolSize": 10,
        "convertData": false
      },
      {
        "id": 10,
        "name": "dBy (OSS)",
        "key": "DiyDatas",
        "type": "line",
        "color": "#ffbf00",
        "smoothLine": true,
        "xAxisVariable": "depth",
        "yAxisVariable": "dBy",
        "smooth": false,
        "lineType": "solid",
        "symbol": "circle",
        "symbolSize": 10,
        "convertData": false
      }
    ]
  },
  "4": {
    "xAxisName": "Measured Depth (ft)",
    "yAxisName": "dBz (nT)",
    "data": [
      {
        "id": 1,
        "name": "dBz S (Raw)",
        "key": "RawDatas",
        "type": "line",
        "color":"#FF0000",
        "smoothLine": true,
        "xAxisVariable": "depth",
        "yAxisVariable": "dBzSc",
        "smooth": false,
        "lineType": "solid",
        "symbol": "rect",
        "symbolSize": 10,
        "convertData": false
      },
      {
        "id": 2,
        "name": "dBz MAv (Raw)",
        "key": "RawDatas",
        "type": "line",
        "color":"#FF0000",
        "smoothLine": true,
        "xAxisVariable": "depth",
        "yAxisVariable": "dBzMAv",
        "smooth": false,
        "lineType": "solid",
        "symbol": "rect",
        "symbolSize": 10,
        "convertData": false
      },
      {
        "id": 3,
        "name": "dBz (TFC)",
        "key": "TfcDatas",
        "type": "line",
        "color":"#0099ff",
        "smoothLine": true,
        "xAxisVariable": "depth",
        "yAxisVariable": "dBz",
        "smooth": false,
        "lineType": "solid",
        "symbol": "triangle",
        "symbolSize": 10,
        "convertData": false
      },
      {
        "id": 4,
        "name": "dBz S (TFC)",
        "key": "TfcDatas",
        "type": "line",
        "color":"#0099ff",
        "smoothLine": true,
        "xAxisVariable": "depth",
        "yAxisVariable": "dBzSc",
        "smooth": false,
        "lineType": "solid",
        "symbol": "triangle",
        "symbolSize": 10,
        "convertData": false
      },
      {
        "id": 5,
        "name": "dBz MAv (TFC)",
        "key": "TfcDatas",
        "type": "line",
        "color":"#0099ff",
        "smoothLine": true,
        "xAxisVariable": "depth",
        "yAxisVariable": "dBzMAv",
        "smooth": false,
        "lineType": "solid",
        "symbol": "triangle",
        "symbolSize": 10,
        "convertData": false
      },
      {
        "id": 6,
        "name": "dBz S (Trans)",
        "key": "TxyDatas",
        "type": "line",
        "color":"#66ff66",
        "smoothLine": true,
        "xAxisVariable": "depth",
        "yAxisVariable": "dBzSc",
        "smooth": false,
        "lineType": "solid",
        "symbol": "pin",
        "symbolSize": 10,
        "convertData": false
      },
      {
        "id": 7,
        "name": "dBz MAv (Trans)",
        "key": "TxyDatas",
        "type": "line",
        "color":"#66ff66",
        "smoothLine": true,
        "xAxisVariable": "depth",
        "yAxisVariable": "dBzMAv",
        "smooth": false,
        "lineType": "solid",
        "symbol": "pin",
        "symbolSize": 10,
        "convertData": false
      },
      {
        "id": 8,
        "name": "dBz (SFE)",
        "key": "SfeDatas",
        "type": "line",
        "color":"#cc33ff",
        "smoothLine": true,
        "xAxisVariable": "depth",
        "yAxisVariable": "dBz",
        "smooth": false,
        "lineType": "solid",
        "symbol": "arrow",
        "symbolSize": 10,
        "convertData": false
      },
      {
        "id": 9,
        "name": "dBz S (SFE)",
        "key": "SfeDatas",
        "type": "line",
        "color":"#cc33ff",
        "smoothLine": true,
        "xAxisVariable": "depth",
        "yAxisVariable": "dBzSc",
        "smooth": false,
        "lineType": "solid",
        "symbol": "arrow",
        "symbolSize": 10,
        "convertData": false
      },
      {
        "id": 10,
        "name": "dBz Mav (SFE)",
        "key": "SfeDatas",
        "type": "line",
        "color":"#cc33ff",
        "smoothLine": true,
        "xAxisVariable": "depth",
        "yAxisVariable": "dBzMAv",
        "smooth": false,
        "lineType": "solid",
        "symbol": "arrow",
        "symbolSize": 10,
        "convertData": false
      },
      {
        "id": 11,
        "name": "dBz (OSS)",
        "key": "SfeDatas",
        "type": "line",
        "color": "#ffbf00",
        "smoothLine": true,
        "xAxisVariable": "depth",
        "yAxisVariable": "dBz",
        "smooth": false,
        "lineType": "solid",
        "symbol": "circle",
        "symbolSize": 10,
        "convertData": false
      },
      {
        "id": 12,
        "name": "dBz Mav (OSS)",
        "key": "SfeDatas",
        "type": "line",
        "color": "#ffbf00",
        "smoothLine": true,
        "xAxisVariable": "depth",
        "yAxisVariable": "dBzMAv",
        "smooth": false,
        "lineType": "solid",
        "symbol": "circle",
        "symbolSize": 10,
        "convertData": false
      }
    ]
  },
  "5": {
    "xAxisName": "Measured Depth (ft)",
    "yAxisName": "",
    "data": [
      {
        "id": 1,
        "name": "Sxy MAv (Raw)",
        "key": "RawDatas",
        "type": "line",
        "color":"#FF0000",
        "xAxisVariable": "depth",
        "yAxisVariable": "sxyMav",
        "smooth": false,
        "symbol": "rect",
        "lineType": "solid",
        "symbolSize": 10,
        "convertData": false
      },
      {
        "id": 2,
        "name": "Sxy MAv (TFC)",
        "key": "TfcDatas",
        "type": "line",
        "color":"#0099ff",
        "xAxisVariable": "depth",
        "yAxisVariable": "sxyMav",
        "smooth": false,
        "symbol": "triangle",
        "lineType": "solid",
        "symbolSize": 10,
        "convertData": false
      },
      {
        "id": 3,
        "name": "Sxy MAv (Trans)",
        "key": "TxyDatas",
        "type": "line",
        "color":"#66ff66",
        "xAxisVariable": "depth",
        "yAxisVariable": "sxyMav",
        "smooth": false,
        "symbol": "pin",
        "lineType": "solid",
        "symbolSize": 10,
        "convertData": false
      },
      {
        "id": 4,
        "name": "Sxy MAv (OSS)",
        "key": "DiyDatas",
        "type": "line",
        "color": "#ffbf00",
        "xAxisVariable": "depth",
        "yAxisVariable": "sxyMav",
        "smooth": false,
        "lineType": "solid",
        "symbol": "circle",
        "symbolSize": 10,
        "convertData": false
      },
      {
        "id": 5,
        "name": "Sxy (%)(SFE)",
        "key": "SfeDatas",
        "type": "line",
        "color":"#cc33ff",
        "smoothLine": true,
        "xAxisVariable": "depth",
        "yAxisVariable": "sx",
        "smooth": false,
        "lineType": "solid",
        "symbol": "pin",
        "symbolSize": 10,
        "convertData": false
      },
      {
        "id": 6,
        "name": "Sx (SFE+)",
        "key": "TxyDatas",
        "type": "line",
        "color":"#cc33ff",
        "xAxisVariable": "depth",
        "yAxisVariable": "sxMax",
        "smooth": false,
        "lineType": "dashed",
        "symbol": "",
        "symbolSize": 10,
        "convertData": false
      },
      {
        "id": 7,
        "name": "Sx (SFE-)",
        "key": "DiyDatas",
        "type": "line",
        "color":"#cc33ff",
        "smoothLine": true,
        "xAxisVariable": "depth",
        "yAxisVariable": "sxMin",
        "smooth": false,
        "lineType": "dashed",
        "symbol": "",
        "symbolSize": 10,
        "convertData": false
      },
      {
        "id": 8,
        "name": "Sy (%)(SFE)",
        "key": "SfeDatas",
        "type": "line",
        "color":"#f2f2f2",
        "xAxisVariable": "depth",
        "yAxisVariable": "sy",
        "smooth": false,
        "lineType": "solid",
        "symbol": "circle",
        "symbolSize": 10,
        "convertData": false
      },
      {
        "id": 9,
        "name": "Sy (SFE+)",
        "key": "SfeDatas",
        "type": "line",
        "color":"#f2f2f2",
        "smoothLine": true,
        "xAxisVariable": "depth",
        "yAxisVariable": "syMax",
        "smooth": false,
        "lineType": "dashed",
        "symbol": "",
        "symbolSize": 10,
        "convertData": false
      },
      {
        "id": 10,
        "name": "Sy (SFE-)",
        "key": "SfeDatas",
        "type": "line",
        "color":"#f2f2f2",
        "xAxisVariable": "depth",
        "yAxisVariable": "syMin",
        "smooth": false,
        "lineType": "dashed",
        "symbol": "",
        "symbolSize": 10,
        "convertData": false
      },
      {
        "id": 11,
        "name": "Sx (OSS)",
        "key": "SfeDatas",
        "type": "line",
        "color": "#ffbf00",
        "smoothLine": true,
        "xAxisVariable": "depth",
        "yAxisVariable": "sx",
        "smooth": false,
        "lineType": "solid",
        "symbol": "triangle",
        "symbolSize": 10,
        "convertData": false
      },
      {
        "id": 12,
        "name": "Sy (OSS)",
        "key": "SfeDatas",
        "type": "line",
        "color": "#ffbf00",
        "xAxisVariable": "depth",
        "yAxisVariable": "sy",
        "smooth": false,
        "lineType": "solid",
        "symbol": "circle",
        "symbolSize": 10,
        "convertData": false
      }
    ]
  },
  "6": {
    "xAxisName": "Measured Depth (ft)",
    "yAxisName": "BG Misalignment (°)",
    "data": [
      {
        "id": 1,
        "name": "BGm MAv (Raw)",
        "key": "RawDatas",
        "type": "line",
        "color":"#FF0000",
        "xAxisVariable": "depth",
        "yAxisVariable": "bGmMav",
        "smooth": false,
        "lineType": "solid",
        "symbol": "rect",
        "symbolSize": 10,
        "convertData": false
      },
      {
        "id": 2,
        "name": "BGm (TFC)",
        "key": "TfcDatas",
        "type": "line",
        "color":"#0099ff",
        "smoothLine": true,
        "xAxisVariable": "depth",
        "yAxisVariable": "bGm",
        "smooth": false,
        "lineType": "solid",
        "symbol": "circle",
        "symbolSize": 10,
        "convertData": false
      },
      {
        "id": 3,
        "name": "BGm MAv (TFC)",
        "key": "TfcDatas",
        "type": "line",
        "color":"#0099ff",
        "xAxisVariable": "depth",
        "yAxisVariable": "bGmMav",
        "symbol": "triangle",
        "smooth": false,
        "lineType": "solid",
        "symbolSize": 10,
        "convertData": false
      },
      {
        "id": 4,
        "name": "BGm (Trans)",
        "key": "TxyDatas",
        "type": "line",
        "color":"#66ff66",
        "smoothLine": true,
        "xAxisVariable": "depth",
        "yAxisVariable": "bGm",
        "smooth": false,
        "lineType": "solid",
        "symbol": "circle",
        "symbolSize": 10,
        "convertData": false
      },
      {
        "id": 5,
        "name": "BGm MAv (Trans)",
        "key": "TxyDatas",
        "type": "line",
        "color":"#66ff66",
        "xAxisVariable": "depth",
        "yAxisVariable": "bGmMav",
        "smooth": false,
        "lineType": "pin",
        "symbol": "circle",
        "symbolSize": 10,
        "convertData": false
      },
      {
        "id": 6,
        "name": "BGm (SFE)",
        "key": "SfeDatas",
        "type": "line",
        "color":"#cc33ff",
        "smoothLine": true,
        "xAxisVariable": "depth",
        "yAxisVariable": "bGm",
        "smooth": false,
        "lineType": "solid",
        "symbol": "circle",
        "symbolSize": 10,
        "convertData": false
      },
      {
        "id": 7,
        "name": "BGm MAv (SFE)",
        "key": "SfeDatas",
        "type": "line",
        "color":"#cc33ff",
        "xAxisVariable": "depth",
        "yAxisVariable": "bGmMav",
        "smooth": false,
        "lineType": "solid",
        "symbol": "arrow",
        "symbolSize": 10,
        "convertData": false
      },
      {
        "id": 8,
        "name": "BGm (OSS)",
        "key": "DiyDatas",
        "type": "line",
        "color": "#ffbf00",
        "smoothLine": true,
        "xAxisVariable": "depth",
        "yAxisVariable": "bGm",
        "smooth": false,
        "lineType": "solid",
        "symbol": "circle",
        "symbolSize": 10,
        "convertData": false
      },
      {
        "id": 9,
        "name": "Bgm MAv (OSS)",
        "key": "DiyDatas",
        "type": "line",
        "color": "#ffbf00",
        "xAxisVariable": "depth",
        "yAxisVariable": "bGmMav",
        "smooth": false,
        "lineType": "solid",
        "symbol": "circle",
        "symbolSize": 10,
        "convertData": false
      }
    ]
  },
  "7": {
    "xAxisName": "Measured Depth (ft)",
    "yAxisName": "Bt (nT)",
    "data": [
      {
        "id": 1,
        "name": "Be",
        "key": "InputData",
        "type": "line",
        "color":"#FF0000",
        "smoothLine": false,
        "xAxisVariable": "depth",
        "yAxisVariable": "be",
        "smooth": false,
        "lineType": "solid",
        "symbol": "rect",
        "symbolSize": 10,
        "convertData": false
      },
      {
        "id": 2,
        "name": "Be +QC",
        "key": "InputData",
        "type": "line",
        "color":"#FF0000",
        "smoothLine": false,
        "xAxisVariable": "depth",
        "yAxisVariable": "beQCminus",
        "smooth": false,
        "lineType": "solid",
        "symbol": "rect",
        "symbolSize": 10,
        "convertData": false
      },
      {
        "id": 3,
        "name": "Be -QC",
        "key": "InputData",
        "type": "line",
        "color":"#FF0000",
        "smoothLine": false,
        "xAxisVariable": "depth",
        "yAxisVariable": "beQcPlus",
        "smooth": false,
        "lineType": "solid",
        "symbol": "rect",
        "symbolSize": 10,
        "convertData": false
      },
      {
        "id": 4,
        "name": "Bc (Raw)",
        "key": "RawDatas",
        "type": "line",
        "color":"#ffcc99",
        "smoothLine": true,
        "xAxisVariable": "depth",
        "yAxisVariable": "bc",
        "smooth": false,
        "lineType": "solid",
        "symbol": "rect",
        "symbolSize": 10,
        "convertData": false
      },
      {
        "id": 5,
        "name": "Bc (TFC)",
        "key": "TfcDatas",
        "type": "line",
        "color":"#0099ff",
        "smoothLine": true,
        "xAxisVariable": "depth",
        "yAxisVariable": "bc",
        "smooth": false,
        "lineType": "solid",
        "symbol": "triangle",
        "symbolSize": 10,
        "convertData": false
      },
      {
        "id": 6,
        "name": "Bc (Trans)",
        "key": "TxyDatas",
        "type": "line",
        "color":"#66ff66",
        "smoothLine": true,
        "xAxisVariable": "depth",
        "yAxisVariable": "bc",
        "smooth": false,
        "lineType": "solid",
        "symbol": "pin",
        "symbolSize": 10,
        "convertData": false
      },
      {
        "id": 6,
        "name": "Bc (SFE)",
        "key": "SfeDatas",
        "type": "line",
        "color":"#cc33ff",
        "smoothLine": true,
        "xAxisVariable": "depth",
        "yAxisVariable": "bc",
        "smooth": false,
        "lineType": "solid",
        "symbol": "arrow",
        "symbolSize": 10,
        "convertData": false
      },
      {
        "id": 6,
        "name": "Bc (OSS)",
        "key": "DiyDatas",
        "type": "line",
        "color": "#ffbf00",
        "smoothLine": true,
        "xAxisVariable": "depth",
        "yAxisVariable": "bc",
        "smooth": false,
        "lineType": "solid",
        "symbol": "circle",
        "symbolSize": 10,
        "convertData": false
      }
    ]
  },
  "8": {
    "xAxisName": "Measured Depth (ft)",
    "yAxisName": "Bt (nT)",
    "data": [
      {
        "id": 4,
        "name": "Bc MAv (Raw)",
        "key": "RawDatas",
        "type": "line",
        "color":"#FF0000",
        "smoothLine": true,
        "xAxisVariable": "depth",
        "yAxisVariable": "bcMav",
        "smooth": false,
        "lineType": "solid",
        "symbol": "rect",
        "symbolSize": 10,
        "convertData": false
      },
      {
        "id": 5,
        "name": "Bc MAv (TFC)",
        "key": "TfcDatas",
        "type": "line",
        "color":"#0099ff",
        "smoothLine": true,
        "xAxisVariable": "depth",
        "yAxisVariable": "bcMav",
        "smooth": false,
        "lineType": "dashed",
        "symbol": "triangle",
        "symbolSize": 10,
        "convertData": false
      },
      {
        "id": 6,
        "name": "Bc MAv (Trans)",
        "key": "TxyDatas",
        "type": "line",
        "color":"#66ff66",
        "smoothLine": true,
        "xAxisVariable": "depth",
        "yAxisVariable": "bcMav",
        "smooth": false,
        "lineType": "dashed",
        "symbol": "pin",
        "symbolSize": 10,
        "convertData": false
      },
      {
        "id": 6,
        "name": "Bc MAv (SFE)",
        "key": "SfeDatas",
        "type": "line",
        "color":"#cc33ff",
        "smoothLine": true,
        "xAxisVariable": "depth",
        "yAxisVariable": "bcMav",
        "smooth": false,
        "lineType": "solid",
        "symbol": "arrow",
        "symbolSize": 10,
        "convertData": false
      },
      {
        "id": 6,
        "name": "Bc MAv (OSS)",
        "key": "DiyDatas",
        "type": "line",
        "color": "#ffbf00",
        "smoothLine": true,
        "xAxisVariable": "depth",
        "yAxisVariable": "bcMav",
        "smooth": false,
        "lineType": "solid",
        "symbol": "circle",
        "symbolSize": 10,
        "convertData": false
      }
    ]
  },
  "9": {
    "xAxisName": "Measured Depth (ft)",
    "yAxisName": "Dip (°)",
    "data": [
      {
        "id": 4,
        "name": "Dipc (Raw)",
        "key": "RawDatas",
        "type": "line",
        "color":"#FF0000",
        "smoothLine": true,
        "xAxisVariable": "depth",
        "yAxisVariable": "dipc",
        "smooth": false,
        "lineType": "solid",
        "symbol": "rect",
        "symbolSize": 10,
        "convertData": false
      },
      {
        "id": 5,
        "name": "Dipc (TFC)",
        "key": "TfcDatas",
        "type": "line",
        "color":"#0099ff",
        "smoothLine": true,
        "xAxisVariable": "depth",
        "yAxisVariable": "dipc",
        "smooth": false,
        "lineType": "solid",
        "symbol": "triangle",
        "symbolSize": 10,
        "convertData": false
      },
      {
        "id": 6,
        "name": "Dipc (Trans)",
        "key": "TxyDatas",
        "type": "line",
        "color":"#66ff66",
        "smoothLine": true,
        "xAxisVariable": "depth",
        "yAxisVariable": "dipc",
        "smooth": false,
        "lineType": "solid",
        "symbol": "pin",
        "symbolSize": 10,
        "convertData": false
      },
      {
        "id": 6,
        "name": "Dipc (SFE)",
        "key": "SfeDatas",
        "type": "line",
        "color":"#cc33ff",
        "smoothLine": true,
        "xAxisVariable": "depth",
        "yAxisVariable": "dipc",
        "smooth": false,
        "lineType": "solid",
        "symbol": "arrow",
        "symbolSize": 10,
        "convertData": false
      },
      {
        "id": 6,
        "name": "Dipc (OSS)",
        "key": "DiyDatas",
        "type": "line",
        "color": "#ffbf00",
        "smoothLine": true,
        "xAxisVariable": "depth",
        "yAxisVariable": "dipc",
        "smooth": false,
        "lineType": "solid",
        "symbol": "circle",
        "symbolSize": 10,
        "convertData": false
      }
    ]
  },
  "10": {
    "xAxisName": "Measured Depth (ft)",
    "yAxisName": "Dip (°)",
    "data": [
      {
        "id": 4,
        "name": "Dipc MAv (Raw)",
        "key": "RawDatas",
        "type": "line",
        "color":"#FF0000",
        "smoothLine": true,
        "xAxisVariable": "depth",
        "yAxisVariable": "dipcMav",
        "smooth": false,
        "lineType": "solid",
        "symbol": "rect",
        "symbolSize": 10,
        "convertData": false
      },
      {
        "id": 5,
        "name": "Dipc MAv (TFC)",
        "key": "TfcDatas",
        "type": "line",
        "color":"#0099ff",
        "smoothLine": true,
        "xAxisVariable": "depth",
        "yAxisVariable": "dipcMav",
        "smooth": false,
        "lineType": "solid",
        "symbol": "triangle",
        "symbolSize": 10,
        "convertData": false
      },
      {
        "id": 6,
        "name": "Dipc MAv (Trans)",
        "key": "TxyDatas",
        "type": "line",
        "color":"#66ff66",
        "smoothLine": true,
        "xAxisVariable": "depth",
        "yAxisVariable": "dipcMav",
        "smooth": false,
        "lineType": "solid",
        "symbol": "pin",
        "symbolSize": 10,
        "convertData": false
      },
      {
        "id": 6,
        "name": "Dipc MAv (SFE)",
        "key": "SfeDatas",
        "type": "line",
        "color":"#cc33ff",
        "smoothLine": true,
        "xAxisVariable": "depth",
        "yAxisVariable": "dipcMav",
        "smooth": false,
        "lineType": "solid",
        "symbol": "arrow",
        "symbolSize": 10,
        "convertData": false
      },
      {
        "id": 6,
        "name": "Dipc MAv (OSS)",
        "key": "DiyDatas",
        "type": "line",
        "color": "#ffbf00",
        "smoothLine": true,
        "xAxisVariable": "depth",
        "yAxisVariable": "dipcMav",
        "smooth": false,
        "lineType": "solid",
        "symbol": "circle",
        "symbolSize": 10,
        "convertData": false
      }
    ]
  },
  "11": {
    "xAxisName": "Measured Depth (ft)",
    "yAxisName": "Bt Dip (nT)",
    "data": [
      {
        "id": 2,
        "name": "BtDip (Raw)",
        "key": "RawDatas",
        "type": "line",
        "color":"#FF0000",
        "smoothLine": true,
        "xAxisVariable": "depth",
        "yAxisVariable": "btDip",
        "smooth": false,
        "lineType": "solid",
        "symbol": "rect",
        "symbolSize": 10,
        "convertData": false
      },
      {
        "id": 5,
        "name": "BtDip (TFC)",
        "key": "TfcDatas",
        "type": "line",
        "color":"#0099ff",
        "smoothLine": true,
        "xAxisVariable": "depth",
        "yAxisVariable": "btDip",
        "smooth": false,
        "lineType": "solid",
        "symbol": "triangle",
        "symbolSize": 10,
        "convertData": false
      },
      {
        "id": 6,
        "name": "BtDip (Trans)",
        "key": "TxyDatas",
        "type": "line",
        "color":"#66ff66",
        "smoothLine": true,
        "xAxisVariable": "depth",
        "yAxisVariable": "btDip",
        "smooth": false,
        "lineType": "solid",
        "symbol": "pin",
        "symbolSize": 10,
        "convertData": false
      },
      {
        "id": 6,
        "name": "BtDip (SFE)",
        "key": "SfeDatas",
        "type": "line",
        "color":"#cc33ff",
        "smoothLine": true,
        "xAxisVariable": "depth",
        "yAxisVariable": "btDip",
        "smooth": false,
        "lineType": "solid",
        "symbol": "arrow",
        "symbolSize": 10,
        "convertData": false
      },
      {
        "id": 6,
        "name": "BtDip (OSS)",
        "key": "DiyDatas",
        "type": "line",
        "color": "#ffbf00",
        "smoothLine": true,
        "xAxisVariable": "depth",
        "yAxisVariable": "btDip",
        "smooth": false,
        "lineType": "solid",
        "symbol": "circle",
        "symbolSize": 10,
        "convertData": false
      }
    ]
  },
  "12": {
    "xAxisName": "Measured Depth (ft)",
    "yAxisName": "Dip (°)",
    "data": [
      {
        "id": 2,
        "name": "BtDip MAv (Raw)",
        "key": "RawDatas",
        "type": "line",
        "color":"#FF0000",
        "smoothLine": true,
        "xAxisVariable": "depth",
        "yAxisVariable": "btDipMav",
        "smooth": false,
        "lineType": "solid",
        "symbol": "rect",
        "symbolSize": 10,
        "convertData": false
      },
      {
        "id": 3,
        "name": "BtDip MAv (TFC)",
        "key": "TfcDatas",
        "type": "line",
        "color":"#0099ff",
        "smoothLine": true,
        "xAxisVariable": "depth",
        "yAxisVariable": "btDipMav",
        "smooth": false,
        "lineType": "solid",
        "symbol": "triangle",
        "symbolSize": 10,
        "convertData": false
      },
      {
        "id": 4,
        "name": "BtDip MAv (Trans)",
        "key": "TxyDatas",
        "type": "line",
        "color":"#66ff66",
        "smoothLine": true,
        "xAxisVariable": "depth",
        "yAxisVariable": "btDipMav",
        "smooth": false,
        "lineType": "solid",
        "symbol": "pin",
        "symbolSize": 10,
        "convertData": false
      },
      {
        "id": 5,
        "name": "BtDip MAv (SFE)",
        "key": "SfeDatas",
        "type": "line",
        "color":"#cc33ff",
        "smoothLine": true,
        "xAxisVariable": "depth",
        "yAxisVariable": "btDipMav",
        "smooth": false,
        "lineType": "solid",
        "symbol": "arrow",
        "symbolSize": 10,
        "convertData": false
      },
      {
        "id": 6,
        "name": "BtDip MAv (OSS)",
        "key": "DiyDatas",
        "type": "line",
        "color": "#ffbf00",
        "smoothLine": true,
        "xAxisVariable": "depth",
        "yAxisVariable": "btDipMav",
        "smooth": false,
        "lineType": "solid",
        "symbol": "circle",
        "symbolSize": 10,
        "convertData": false
      }
    ]
  },
  "13": {
    "xAxisName": "Measured Depth (ft)",
    "yAxisName": "Azimuth (°)",
    "data": [
      {
        "id": 1,
        "name": "Az S (Raw) (Grid)",
        "key": "RawDatas",
        "type": "line",
        "color":"#FF0000",
        "xAxisVariable": "depth",
        "yAxisVariable": "azSc",
        "symbolSize": 10,
        "lineType": "solid",
        "symbol": "circle",
        "convertData": false,
        "smooth": false
      },
      {
        "id": 2,
        "name": "Az S (TFC) (Grid)",
        "key": "TfcDatas",
        "type": "line",
        "color":"#0099ff",
        "xAxisVariable": "depth",
        "yAxisVariable": "azSc",
        "symbolSize": 10,
        "lineType": "solid",
        "symbol": "triangle",
        "convertData": false,
        "smooth": false
      },
      {
        "id": 3,
        "name": "Az S (Trans) (Grid)",
        "key": "TxyDatas",
        "type": "line",
        "color":"#66ff66",
        "xAxisVariable": "depth",
        "yAxisVariable": "azSc",
        "symbolSize": 10,
        "lineType": "solid",
        "symbol": "pin",
        "convertData": false,
        "smooth": false
      },
      {
        "id": 4,
        "name": "Az S (SFE) (Grid)",
        "key": "SfeDatas",
        "type": "line",
        "color":"#cc33ff",
        "xAxisVariable": "depth",
        "yAxisVariable": "azSc",
        "symbolSize": 10,
        "lineType": "solid",
        "symbol": "arrow",
        "convertData": false,
        "smooth": false
      },
      {
        "id": 5,
        "name": "Az S (OSS) (Grid)",
        "key": "DiyDatas",
        "type": "line",
        "color": "#ffbf00",
        "xAxisVariable": "depth",
        "yAxisVariable": "azSc",
        "symbolSize": 10,
        "lineType": "solid",
        "symbol": "circle",
        "convertData": false,
        "smooth": false
      }
    ]
  },
  "14": {
    "xAxisName": "Measured Depth (ft)",
    "yAxisName": "Azimuth (°)",
    "data": [
      {
        "id": 1,
        "name": "Az S (Raw) (Grid)",
        "key": "RawDatas",
        "type": "line",
        "color":"#FF0000",
        "xAxisVariable": "depth",
        "yAxisVariable": "azSc",
        "symbolSize": 10,
        "lineType": "solid",
        "symbol": "circle",
        "convertData": false,
        "smooth": false
      },
      {
        "id": 2,
        "name": "Az L (Raw) (Grid)",
        "key": "RawDatas",
        "type": "line",
        "color":"#66ff66",
        "xAxisVariable": "depth",
        "yAxisVariable": "azLc",
        "symbolSize": 10,
        "lineType": "solid",
        "symbol": "diamond",
        "convertData": false,
        "smooth": false
      },
      {
        "id": 3,
        "name": "Az L (TFC) (Grid)",
        "key": "TfcDatas",
        "type": "line",
        "color":"#0099ff",
        "xAxisVariable": "depth",
        "yAxisVariable": "azLc",
        "symbolSize": 10,
        "lineType": "solid",
        "symbol": "triangle",
        "convertData": false,
        "smooth": false
      },
      {
        "id": 4,
        "name": "Az L (Trans) (Grid)",
        "key": "TxyDatas",
        "type": "line",
        "color":"#66ff66",
        "xAxisVariable": "depth",
        "yAxisVariable": "azLc",
        "symbolSize": 10,
        "lineType": "solid",
        "symbol": "pin",
        "convertData": false,
        "smooth": false
      },
      {
        "id": 5,
        "name": "Az L (SFE) (Grid)",
        "key": "SfeDatas",
        "type": "line",
        "color":"#cc33ff",
        "xAxisVariable": "depth",
        "yAxisVariable": "azLc",
        "symbolSize": 10,
        "lineType": "solid",
        "symbol": "arrow",
        "convertData": false,
        "smooth": false
      },
      {
        "id": 6,
        "name": "Az L (OSS) (Grid)",
        "key": "DiyDatas",
        "type": "line",
        "color": "#ffbf00",
        "xAxisVariable": "depth",
        "yAxisVariable": "azLc",
        "symbolSize": 10,
        "lineType": "solid",
        "symbol": "circle",
        "convertData": false,
        "smooth": false
      }
    ]
  },
  "15": {
    "xAxisName": "Northings (ft)",
    "yAxisName": "Eastings (ft)",
    "data": [
      {
        "id": 1,
        "name": "dPos SC (Raw)",
        "key": "RawDatas",
        "type": "line",
        "color":"#FF0000",
        "xAxisVariable": "depth",
        "yAxisVariable": "dPos",
        "symbolSize": 10,
        "lineType": "solid",
        "symbol": "circle",
        "convertData": false,
        "smooth": false
      },
      {
        "id": 2,
        "name": "dPos LC (Raw)",
        "key": "RawDatas",
        "type": "line",
        "color":"#66ff66",
        "xAxisVariable": "depth",
        "yAxisVariable": "dPos",
        "symbolSize": 10,
        "lineType": "solid",
        "symbol": "diamond",
        "convertData": false,
        "smooth": false
      },
      {
        "id": 3,
        "name": "dPos LC MAv (Raw)",
        "key": "RawDatas",
        "type": "line",
        "color":"#ffcc99",
        "xAxisVariable": "depth",
        "yAxisVariable": "dPos",
        "symbolSize": 10,
        "lineType": "solid",
        "symbol": "rect",
        "convertData": false,
        "smooth": false
      },
      {
        "id": 4,
        "name": "dPos SC (TFC)",
        "key": "TfcDatas",
        "type": "line",
        "color":"#0099ff",
        "xAxisVariable": "depth",
        "yAxisVariable": "dPos",
        "symbolSize": 10,
        "lineType": "solid",
        "symbol": "triangle",
        "convertData": false,
        "smooth": false
      },
      {
        "id": 5,
        "name": "dPos LC (TFC)",
        "key": "TfcDatas",
        "type": "line",
        "color":"#0099ff",
        "xAxisVariable": "depth",
        "yAxisVariable": "dPos",
        "symbolSize": 10,
        "lineType": "solid",
        "symbol": "triangle",
        "convertData": false,
        "smooth": false
      },
      {
        "id": 6,
        "name": "dPos LC MAv (TFC)",
        "key": "TfcDatas",
        "type": "line",
        "color":"#0099ff",
        "xAxisVariable": "depth",
        "yAxisVariable": "dPos",
        "symbolSize": 10,
        "lineType": "solid",
        "symbol": "triangle",
        "convertData": false,
        "smooth": false
      },
      {
        "id": 7,
        "name": "dPos SC (Trans)",
        "key": "TxyDatas",
        "type": "line",
        "color":"#66ff66",
        "xAxisVariable": "depth",
        "yAxisVariable": "dPos",
        "symbolSize": 10,
        "lineType": "solid",
        "symbol": "pin",
        "convertData": false,
        "smooth": false
      },
      {
        "id": 8,
        "name": "dPos LC (Trans)",
        "key": "TxyDatas",
        "type": "line",
        "color":"#66ff66",
        "xAxisVariable": "depth",
        "yAxisVariable": "dPos",
        "symbolSize": 10,
        "lineType": "solid",
        "symbol": "pin",
        "convertData": false,
        "smooth": false
      },
      {
        "id": 9,
        "name": "dPos LC MAv (Trans)",
        "key": "TxyDatas",
        "type": "line",
        "color":"#66ff66",
        "xAxisVariable": "depth",
        "yAxisVariable": "dPos",
        "symbolSize": 10,
        "lineType": "solid",
        "symbol": "pin",
        "convertData": false,
        "smooth": false
      },
      {
        "id": 10,
        "name": "dPos SC (SFE)",
        "key": "SfeDatas",
        "type": "line",
        "color":"#cc33ff",
        "xAxisVariable": "depth",
        "yAxisVariable": "dPos",
        "symbolSize": 10,
        "lineType": "solid",
        "symbol": "arrow",
        "convertData": false,
        "smooth": false
      },
      {
        "id": 11,
        "name": "dPos LC (SFE)",
        "key": "SfeDatas",
        "type": "line",
        "color":"#cc33ff",
        "xAxisVariable": "depth",
        "yAxisVariable": "dPos",
        "symbolSize": 10,
        "lineType": "solid",
        "symbol": "arrow",
        "convertData": false,
        "smooth": false
      },
      {
        "id": 12,
        "name": "dPos LC MAv (SFE)",
        "key": "SfeDatas",
        "type": "line",
        "color":"#cc33ff",
        "xAxisVariable": "depth",
        "yAxisVariable": "dPos",
        "symbolSize": 10,
        "lineType": "solid",
        "symbol": "arrow",
        "convertData": false,
        "smooth": false
      },
      {
        "id": 13,
        "name": "dPos SC (OSS)",
        "key": "DiyDatas",
        "type": "line",
        "color": "#ffbf00",
        "xAxisVariable": "depth",
        "yAxisVariable": "dPos",
        "symbolSize": 10,
        "lineType": "solid",
        "symbol": "diamond",
        "convertData": false,
        "smooth": false
      },
      {
        "id": 14,
        "name": "dPos LC (OSS)",
        "key": "DiyDatas",
        "type": "line",
        "color": "#ffbf00",
        "xAxisVariable": "depth",
        "yAxisVariable": "dPos",
        "symbolSize": 10,
        "lineType": "solid",
        "symbol": "diamond",
        "convertData": false,
        "smooth": false
      },
      {
        "id": 15,
        "name": "dPos LC MAv (OSS)",
        "key": "DiyDatas",
        "type": "line",
        "color": "#ffbf00",
        "xAxisVariable": "depth",
        "yAxisVariable": "dPosMav",
        "symbolSize": 10,
        "lineType": "solid",
        "symbol": "diamond",
        "convertData": false,
        "smooth": false
      }
    ]
  },
  "16": {
    "xAxisName": "Measured Depth (ft)",
    "yAxisName": "Delta Displacement (ft)",
    "data": [
      {
        "id": 1,
        "name": "dDsp SC (Raw)",
        "key": "RawDatas",
        "type": "line",
        "color":"#FF0000",
        "xAxisVariable": "depth",
        "yAxisVariable": "dDsp",
        "symbolSize": 10,
        "lineType": "solid",
        "symbol": "circle",
        "convertData": false,
        "smooth": false
      },
      {
        "id": 2,
        "name": "dDsp LC (Raw)",
        "key": "RawDatas",
        "type": "line",
        "color":"#66ff66",
        "xAxisVariable": "depth",
        "yAxisVariable": "dDsp",
        "symbolSize": 10,
        "lineType": "solid",
        "symbol": "diamond",
        "convertData": false,
        "smooth": false
      },
      {
        "id": 3,
        "name": "dDsp LC MAv (Raw)",
        "key": "RawDatas",
        "type": "line",
        "color":"#ffcc99",
        "xAxisVariable": "depth",
        "yAxisVariable": "dDsp",
        "symbolSize": 10,
        "lineType": "solid",
        "symbol": "rect",
        "convertData": false,
        "smooth": false
      },
      {
        "id": 4,
        "name": "dDsp SC (TFC)",
        "key": "TfcDatas",
        "type": "line",
        "color":"#0099ff",
        "xAxisVariable": "depth",
        "yAxisVariable": "dDsp",
        "symbolSize": 10,
        "lineType": "solid",
        "symbol": "triangle",
        "convertData": false,
        "smooth": false
      },
      {
        "id": 5,
        "name": "dDsp LC (TFC)",
        "key": "TfcDatas",
        "type": "line",
        "color":"#0099ff",
        "xAxisVariable": "depth",
        "yAxisVariable": "dDsp",
        "symbolSize": 10,
        "lineType": "solid",
        "symbol": "triangle",
        "convertData": false,
        "smooth": false
      },
      {
        "id": 6,
        "name": "dDsp LC MAv (TFC)",
        "key": "TfcDatas",
        "type": "line",
        "color":"#0099ff",
        "xAxisVariable": "depth",
        "yAxisVariable": "dDsp",
        "symbolSize": 10,
        "lineType": "solid",
        "symbol": "triangle",
        "convertData": false,
        "smooth": false
      },
      {
        "id": 7,
        "name": "dDsp SC (Trans)",
        "key": "TxyDatas",
        "type": "line",
        "color":"#66ff66",
        "xAxisVariable": "depth",
        "yAxisVariable": "dDsp",
        "symbolSize": 10,
        "lineType": "solid",
        "symbol": "pin",
        "convertData": false,
        "smooth": false
      },
      {
        "id": 8,
        "name": "dDsp LC (Trans)",
        "key": "TxyDatas",
        "type": "line",
        "color":"#66ff66",
        "xAxisVariable": "depth",
        "yAxisVariable": "dDsp",
        "symbolSize": 10,
        "lineType": "solid",
        "symbol": "pin",
        "convertData": false,
        "smooth": false
      },
      {
        "id": 9,
        "name": "dDsp LC MAv (Trans)",
        "key": "TxyDatas",
        "type": "line",
        "color":"#66ff66",
        "xAxisVariable": "depth",
        "yAxisVariable": "dDsp",
        "symbolSize": 10,
        "lineType": "solid",
        "symbol": "pin",
        "convertData": false,
        "smooth": false
      },
      {
        "id": 10,
        "name": "dDsp SC (SFE)",
        "key": "SfeDatas",
        "type": "line",
        "color":"#cc33ff",
        "xAxisVariable": "depth",
        "yAxisVariable": "dDsp",
        "symbolSize": 10,
        "lineType": "solid",
        "symbol": "arrow",
        "convertData": false,
        "smooth": false
      },
      {
        "id": 11,
        "name": "dDsp LC (SFE)",
        "key": "SfeDatas",
        "type": "line",
        "color":"#cc33ff",
        "xAxisVariable": "depth",
        "yAxisVariable": "dDsp",
        "symbolSize": 10,
        "lineType": "solid",
        "symbol": "arrow",
        "convertData": false,
        "smooth": false
      },
      {
        "id": 12,
        "name": "dDsp LC MAv (SFE)",
        "key": "SfeDatas",
        "type": "line",
        "color":"#cc33ff",
        "xAxisVariable": "depth",
        "yAxisVariable": "dDsp",
        "symbolSize": 10,
        "lineType": "solid",
        "symbol": "arrow",
        "convertData": false,
        "smooth": false
      },
      {
        "id": 13,
        "name": "dDsp SC (OSS)",
        "key": "DiyDatas",
        "type": "line",
        "color": "#ffbf00",
        "xAxisVariable": "depth",
        "yAxisVariable": "dDsp",
        "symbolSize": 10,
        "lineType": "solid",
        "symbol": "diamond",
        "convertData": false,
        "smooth": false
      },
      {
        "id": 14,
        "name": "dDsp LC (OSS)",
        "key": "DiyDatas",
        "type": "line",
        "color": "#ffbf00",
        "xAxisVariable": "depth",
        "yAxisVariable": "dDsp",
        "symbolSize": 10,
        "lineType": "solid",
        "symbol": "diamond",
        "convertData": false,
        "smooth": false
      },
      {
        "id": 15,
        "name": "dDsp LC MAv (OSS)",
        "key": "DiyDatas",
        "type": "line",
        "color": "#ffbf00",
        "xAxisVariable": "depth",
        "yAxisVariable": "dDsp",
        "symbolSize": 10,
        "lineType": "solid",
        "symbol": "diamond",
        "convertData": false,
        "smooth": false
      }
    ]
  },
  "17": {
    "xAxisName": "Measured Depth (ft)",
    "yAxisName": "Azimuth (°)",
    "data": [
      {
        "id": 1,
        "name": "Az S (Raw) (Grid)",
        "key": "RawDatas",
        "type": "line",
        "color":"#FF0000",
        "xAxisVariable": "depth",
        "yAxisVariable": "azSc",
        "symbolSize": 10,
        "lineType": "solid",
        "symbol": "circle",
        "convertData": false,
        "smooth": false
      },
      {
        "id": 2,
        "name": "Az L (Raw) (Grid)",
        "key": "RawDatas",
        "type": "line",
        "color":"#66ff66",
        "xAxisVariable": "depth",
        "yAxisVariable": "azLc",
        "symbolSize": 10,
        "lineType": "solid",
        "symbol": "diamond",
        "convertData": false,
        "smooth": false
      },
      {
        "id": 3,
        "name": "Az L Mav (Raw) (Grid)",
        "key": "RawDatas",
        "type": "line",
        "color":"#ffcc99",
        "xAxisVariable": "depth",
        "yAxisVariable": "azLcMAv",
        "symbolSize": 10,
        "lineType": "solid",
        "symbol": "rect",
        "convertData": false,
        "smooth": false
      },
      {
        "id": 3,
        "name": "Az L Mav (TFC) (Grid)",
        "key": "RawDatas",
        "type": "line",
        "color":"#0099ff",
        "xAxisVariable": "depth",
        "yAxisVariable": "azLcMAv",
        "symbolSize": 10,
        "lineType": "solid",
        "symbol": "triangle",
        "convertData": false,
        "smooth": false
      },
      {
        "id": 4,
        "name": "Az L Mav (Trans) (Grid)",
        "key": "RawDatas",
        "type": "line",
        "color":"#66ff66",
        "xAxisVariable": "depth",
        "yAxisVariable": "azLcMAv",
        "symbolSize": 10,
        "lineType": "solid",
        "symbol": "pin",
        "convertData": false,
        "smooth": false
      },
      {
        "id": 5,
        "name": "Az L Mav (SFE) (Grid)",
        "key": "RawDatas",
        "type": "line",
        "color":"#cc33ff",
        "xAxisVariable": "depth",
        "yAxisVariable": "azLcMAv",
        "symbolSize": 10,
        "lineType": "solid",
        "symbol": "arrow",
        "convertData": false,
        "smooth": false
      },
      {
        "id": 6,
        "name": "Az L Mav (OSS) (Grid)",
        "key": "RawDatas",
        "type": "line",
        "color": "#ffbf00",
        "xAxisVariable": "depth",
        "yAxisVariable": "azLcMAv",
        "symbolSize": 10,
        "lineType": "solid",
        "symbol": "circle",
        "convertData": false,
        "smooth": false
      }
    ]
  }
}