[
  {
    "Order": 0,
    "FriendlyName": "MSA State",
    "Visible": true,
    "Variable": "msaState",
    "UnitName": "",
    "FormatType": null,
    "IsFrozen": false,
    "DecPlaces":1,
    "ColumnWidth": "100px"
  },
  {
    "Order": 1,
    "FriendlyName": "Depth (ft)",
    "Visible": true,
    "Variable": "Depth",
    "UnitName": "",
    "FormatType": null,
    "IsFrozen": false,
    "DecPlaces":2,
    "ColumnWidth": "65px"
  },
  {
    "Order": 3,
    "FriendlyName": "Gx (g)",
    "Visible": false,
    "Variable": "Gx",
    "UnitName": "",
    "FormatType": null,
    "IsFrozen": false,
    "DecPlaces":5,
    "ColumnWidth": "65px"
  },
  {
    "Order": 4,
    "FriendlyName": "Gy (g)",
    "Visible": false,
    "Variable": "Gy",
    "UnitName": "",
    "FormatType": null,
    "IsFrozen": false,
    "DecPlaces":5,
    "ColumnWidth": "66px"
  },
  {
    "Order": 5,
    "FriendlyName": "Gz (g)",
    "Visible": false,
    "Variable": "Gz",
    "UnitName": "",
    "FormatType": null,
    "IsFrozen": false,
    "DecPlaces":5,
    "ColumnWidth": "66px"
  },
  {
    "Order": 6,
    "FriendlyName": "Bx (nT)",
    "Visible": false,
    "Variable": "Bx",
    "UnitName": "",
    "FormatType": null,
    "IsFrozen": false,
    "DecPlaces":0,
    "ColumnWidth": "60px"
  },
  {
    "Order": 7,
    "FriendlyName": "By (nT)",
    "Visible": false,
    "Variable": "By",
    "UnitName": "",
    "FormatType": null,
    "IsFrozen": false,
    "DecPlaces":0,
    "ColumnWidth": "60px"
  },
  {
    "Order": 8,
    "FriendlyName": "Bz (nT)",
    "Visible": false,
    "Variable": "Bz",
    "UnitName": "",
    "FormatType": null,
    "IsFrozen": false,
    "DecPlaces":0,
    "ColumnWidth": "60px"
  },
  {
    "Order": 9,
    "FriendlyName": "Dipe (°)",
    "Visible": false,
    "Variable": "",
    "UnitName": "",
    "FormatType": null,
    "IsFrozen": false,
    "DecPlaces":3,
    "ColumnWidth": "60px"
  },
  {
    "Order": 10,
    "FriendlyName": "Be (nT)",
    "Visible": false,
    "Variable": "",
    "UnitName": "",
    "FormatType": null,
    "IsFrozen": false,
    "DecPlaces":0,
    "ColumnWidth": "60px"
  },
  {
    "Order": 11,
    "FriendlyName": "Decle (°)",
    "Visible": false,
    "Variable": "",
    "UnitName": "",
    "FormatType": null,
    "IsFrozen": false,
    "DecPlaces":3,
    "ColumnWidth": "64px"
  },
  {
    "Order": 11,
    "FriendlyName": "Nom Grid(°)",
    "Visible": false,
    "Variable": "NomGrid",
    "UnitName": "",
    "FormatType": null,
    "IsFrozen": false,
    "DecPlaces":3,
    "ColumnWidth": "84px"
  }
]
