[
  {
    "Order": 0,
    "FriendlyName": "MSA State",
    "Visible": true,
    "Variable": "msaState",
    "UnitName": "",
    "FormatType": null,
    "IsFrozen": true,
    "ColumnWidth": "100px",
    "DecPlaces":0,
    "MeanAll":false,
    "SDAll":false,
    "MeanAccept":false,
    "SDAccept":false,
    "EnumName": "surveyStatusEnum"
  },
  
  {
    "Order": 1,
    "FriendlyName": "Depth (ft)",
    "Visible": true,
    "Variable": "depth",
    "UnitName": "",
    "FormatType": null,
    "IsFrozen": true,
    "ColumnWidth": "70px",
    "DecPlaces":2,
    "MeanAll":false,
    "SDAll":false,
    "MeanAccept":false,
    "SDAccept":false,
    "EnumName": "ASAStatusEnum"
  },
  {
    "Order": 2,
    "FriendlyName": "dBx (OSS) (nT)",
    "Visible": true,
    "Variable": "dBx",
    "UnitName": "",
    "FormatType": null,
    "IsFrozen": false,
    "ColumnWidth": "95px",
    "DecPlaces":0,
    "MeanAll":false,
    "SDAll":false,
    "MeanAccept":false,
    "SDAccept":false,
    "EnumName": "surveyStatusEnum"
  },
  {
    "Order": 3,
    "FriendlyName": "dBy (OSS) (nT)",
    "Visible": true,
    "Variable": "dBy",
    "UnitName": "",
    "FormatType": null,
    "IsFrozen": false,
    "ColumnWidth": "95px",
    "DecPlaces":0,
    "MeanAll":false,
    "SDAll":false,
    "MeanAccept":false,
    "SDAccept":false,
    "EnumName": "surveyStatusEnum"
  },
  {
    "Order": 4,
    "FriendlyName": "dBz (OSS) (nT)",
    "Visible": true,
    "Variable": "dBz",
    "UnitName": "",
    "FormatType": null,
    "IsFrozen": false,
    "ColumnWidth": "95px",
    "DecPlaces":0,
    "MeanAll":false,
    "SDAll":false,
    "MeanAccept":false,
    "SDAccept":false,
    "EnumName": "surveyStatusEnum"
  },
  {
    "Order": 5,
    "FriendlyName": "Sx (OSS) (%)",
    "Visible": true,
    "Variable": "sx",
    "UnitName": "",
    "FormatType": null,
    "IsFrozen": false,
    "ColumnWidth": "87px",
    "DecPlaces":0,
    "MeanAll":false,
    "SDAll":false,
    "MeanAccept":false,
    "SDAccept":false,
    "EnumName": "surveyStatusEnum"
  },
  {
    "Order": 6,
    "FriendlyName": "Sy (OSS) (%)",
    "Visible": true,
    "Variable": "sy",
    "UnitName": "",
    "FormatType": null,
    "IsFrozen": false,
    "ColumnWidth": "87px",
    "DecPlaces":0,
    "MeanAll":false,
    "SDAll":false,
    "MeanAccept":false,
    "SDAccept":false,
    "EnumName": "surveyStatusEnum"
  },
  {
    "Order": 7,
    "FriendlyName": "BzMisAng (deg) (OSS) (°)",
    "Visible": true,
    "Variable": "bzMisAng",
    "UnitName": "",
    "FormatType": null,
    "IsFrozen": false,
    "ColumnWidth": "152px",
    "DecPlaces":0,
    "MeanAll":false,
    "SDAll":false,
    "MeanAccept":false,
    "SDAccept":false,
    "EnumName": "surveyStatusEnum"
  },
  {
    "Order": 8,
    "FriendlyName": "BzMisDir (deg) (OSS) (°)",
    "Visible": true,
    "Variable": "bzMisDir",
    "UnitName": "",
    "FormatType": null,
    "IsFrozen": false,
    "ColumnWidth": "145px",
    "DecPlaces":0,
    "MeanAll":false,
    "SDAll":false,
    "MeanAccept":false,
    "SDAccept":false,
    "EnumName": "surveyStatusEnum"
  },
  {
    "Order": 9,
    "FriendlyName": "dBz (Sc) (OSS) (°)",
    "Visible": true,
    "Variable": "dBzSc",
    "UnitName": "",
    "FormatType": null,
    "IsFrozen": false,
    "ColumnWidth": "110px",
    "DecPlaces":0,
    "MeanAll":false,
    "SDAll":false,
    "MeanAccept":false,
    "SDAccept":false,
    "EnumName": "surveyStatusEnum"
  },
  {
    "Order": 10,
    "FriendlyName": "dBz MAv (OSS) (°)",
    "Visible": true,
    "Variable": "dBzMAv",
    "ColorVariable":"dBzMAv",
    "ColorCodes":["bg-dark-blue"],
    "UnitName": "",
    "FormatType": null,
    "IsFrozen": false,
    "ColumnWidth": "115px",
    "DecPlaces":0,
    "MeanAll":false,
    "SDAll":false,
    "MeanAccept":false,
    "SDAccept":false,
    "EnumName": "surveyStatusEnum"
  },
  {
    "Order": 11,
    "FriendlyName": "Az S (OSS) (°)",
    "Visible": true,
    "Variable": "azSc",
    "UnitName": "",
    "FormatType": null,
    "IsFrozen": false,
    "ColumnWidth": "92px",
    "DecPlaces":2,
    "MeanAll":false,
    "SDAll":false,
    "MeanAccept":false,
    "SDAccept":false,
    "EnumName": "surveyStatusEnum"
  },
  {
    "Order": 12,
    "FriendlyName": "Az L (OSS) (°)",
    "Visible": true,
    "Variable": "azLc",
    "UnitName": "",
    "FormatType": null,
    "IsFrozen": false,
    "ColumnWidth": "100px",
    "DecPlaces":2,
    "MeanAll":false,
    "SDAll":false,
    "MeanAccept":false,
    "SDAccept":false,
    "EnumName": "surveyStatusEnum"
  },
  {
    "Order": 13,
    "FriendlyName": "Az L MAv (OSS) (°)",
    "Visible": true,
    "Variable": "azLcMAv",
    "ColorVariable":"azLcMAv",
    "ColorCodes":["bg-dark-blue"],
    "UnitName": "",
    "FormatType": null,
    "IsFrozen": false,
    "ColumnWidth": "115px",
    "DecPlaces":2,
    "MeanAll":false,
    "SDAll":false,
    "MeanAccept":false,
    "SDAccept":false,
    "EnumName": "surveyStatusEnum"
  },
  {
    "Order": 14,
    "FriendlyName": "Az S (OSS) <Grid>",
    "Visible": false,
    "Variable": "azScTrue",
    "ColorVariable":"azScTrue",
    "ColorCodes":["bg-purple"],
    "UnitName": "",
    "FormatType": null,
    "IsFrozen": false,
    "ColumnWidth": "115px",
    "DecPlaces":2,
    "MeanAll":false,
    "SDAll":false,
    "MeanAccept":false,
    "SDAccept":false,
    "EnumName": "ASAStatusEnum"
  },
  {
    "Order": 15,
    "FriendlyName": "Az L (OSS) <Grid>",
    "Visible": false,
    "Variable": "azLcTrue",
    "ColorVariable":"azScTrue",
    "ColorCodes":["bg-purple"],
    "UnitName": "",
    "FormatType": null,
    "IsFrozen": false,
    "ColumnWidth": "114px",
    "DecPlaces":2,
    "MeanAll":false,
    "SDAll":false,
    "MeanAccept":false,
    "SDAccept":false,
    "EnumName": "ASAStatusEnum"
  },
  {
    "Order": 16,
    "FriendlyName": "Az L MAv (OSS) <Grid>",
    "Visible": false,
    "Variable": "azLcMavTrue",
    "ColorVariable":"azScTrue",
    "ColorCodes":["bg-purple"],
    "UnitName": "",
    "FormatType": null,
    "IsFrozen": false,
    "ColumnWidth": "145x",
    "DecPlaces":2,
    "MeanAll":false,
    "SDAll":false,
    "MeanAccept":false,
    "SDAccept":false,
    "EnumName": "ASAStatusEnum"
  },
  {
    "Order": 17,
    "FriendlyName": "Bc (OSS) (nT)",
    "Visible": false,
    "Variable": "bc",
    "ColorVariable":"bcStatus",
    "ColorCodes":[null, "bg-red"],
    "UnitName": "",
    "FormatType": null,
    "IsFrozen": false,
    "ColumnWidth": "91px",
    "DecPlaces":0,
    "MeanAll":false,
    "SDAll":false,
    "MeanAccept":false,
    "SDAccept":false,
    "EnumName": "ASAStatusEnum"
  },
  {
    "Order": 18,
    "FriendlyName": "Dipc (OSS) (°)",
    "Visible": false,
    "Variable": "dipc",
    "ColorVariable":"dipcStatus",
    "ColorCodes":[null, "bg-red"],
    "UnitName": "",
    "FormatType": null,
    "IsFrozen": false,
    "ColumnWidth": "95px",
    "DecPlaces":3,
    "MeanAll":false,
    "SDAll":false,
    "MeanAccept":false,
    "SDAccept":false,
    "EnumName": "ASAStatusEnum"
  },
  {
    "Order": 19,
    "FriendlyName": "Bc MAv (OSS) (nT)",
    "Visible": false,
    "Variable": "bcMav",
    "ColorVariable":"bcMavStatus",
    "ColorCodes":["bg-dark-blue", "bg-red"],
    "UnitName": "",
    "FormatType": null,
    "IsFrozen": false,
    "ColumnWidth": "115px",
    "DecPlaces":0,
    "MeanAll":false,
    "SDAll":false,
    "MeanAccept":false,
    "SDAccept":false,
    "EnumName": "ASAStatusEnum"
  },
  {
    "Order": 20,
    "FriendlyName": "Dipc MAv (OSS) (°)",
    "Visible": false,
    "Variable": "dipcMav",
    "ColorVariable":"dipcMavStatus",
    "ColorCodes":["bg-dark-blue", "bg-red"],
    "UnitName": "",
    "FormatType": null,
    "IsFrozen": false,
    "ColumnWidth": "115px",
    "DecPlaces":3,
    "MeanAll":false,
    "SDAll":false,
    "MeanAccept":false,
    "SDAccept":false,
    "EnumName": "ASAStatusEnum"
  },
  {
    "Order": 21,
    "FriendlyName": "dB (OSS) (nT)",
    "Visible": false,
    "Variable": "dB",
    "ColorVariable":"dBStatus",
    "ColorCodes":[null, "bg-red"],
    "UnitName": "",
    "FormatType": null,
    "IsFrozen": false,
    "ColumnWidth": "92px",
    "DecPlaces":0,
    "MeanAll":false,
    "SDAll":false,
    "MeanAccept":false,
    "SDAccept":false,
    "EnumName": "ASAStatusEnum"
  },
  {
    "Order": 22,
    "FriendlyName": "dDip (OSS) (°)",
    "Visible": false,
    "Variable": "dDip",
    "ColorVariable":"dDipStatus",
    "ColorCodes":[null, "bg-red"],
    "UnitName": "",
    "FormatType": null,
    "IsFrozen": false,
    "ColumnWidth": "91px",
    "DecPlaces":3,
    "MeanAll":false,
    "SDAll":false,
    "MeanAccept":false,
    "SDAccept":false,
    "EnumName": "ASAStatusEnum"
  },
  {
    "Order": 23,
    "FriendlyName": "BtDip (OSS) (nT)",
    "Visible": false,
    "Variable": "btDip",
    "ColorVariable":"btDipStatus",
    "ColorCodes":[null, "bg-red"],
    "UnitName": "",
    "FormatType": null,
    "IsFrozen": false,
    "ColumnWidth": "106px",
    "DecPlaces":0,
    "MeanAll":false,
    "SDAll":false,
    "MeanAccept":false,
    "SDAccept":false,
    "EnumName": "ASAStatusEnum"
  },
  {
    "Order": 24,
    "FriendlyName": "dB MAv (OSS) (nT)",
    "Visible": false,
    "Variable": "dBMav",
    "ColorVariable":"dBMavStatus",
    "ColorCodes":["bg-dark-blue", "bg-red"],
    "UnitName": "",
    "FormatType": null,
    "IsFrozen": false,
    "ColumnWidth": "112px",
    "DecPlaces":0,
    "MeanAll":false,
    "SDAll":false,
    "MeanAccept":false,
    "SDAccept":false,
    "EnumName": "ASAStatusEnum"
  },
  {
    "Order": 25,
    "FriendlyName": "dDip MAv (OSS) (°)",
    "Visible": false,
    "Variable": "dDipMav",
    "ColorVariable":"dDipMavStatus",
    "ColorCodes":["bg-dark-blue", "bg-red"],
    "UnitName": "",
    "FormatType": null,
    "IsFrozen": false,
    "ColumnWidth": "115px",
    "DecPlaces":3,
    "MeanAll":false,
    "SDAll":false,
    "MeanAccept":false,
    "SDAccept":false,
    "EnumName": "ASAStatusEnum"
  },
  {
    "Order": 26,
    "FriendlyName": "BtDip MAv (OSS) ",
    "Visible": false,
    "Variable": "btDipMav",
    "UnitName": "",
    "FormatType": null,
    "IsFrozen": false,
    "ColumnWidth": "110px",
    "DecPlaces":0,
    "MeanAll":false,
    "SDAll":false,
    "MeanAccept":false,
    "SDAccept":false,
    "EnumName": "ASAStatusEnum"
  },
  {
    "Order": 27,
    "FriendlyName": "BGm (OSS) (°)",
    "Visible": false,
    "Variable": "bGm",
    "ColorVariable":"bGmMav",
    "ColorCodes":["bg-dark-blue"],
    "UnitName": "",
    "FormatType": null,
    "IsFrozen": false,
    "ColumnWidth": "90px",
    "DecPlaces":3,
    "MeanAll":false,
    "SDAll":false,
    "MeanAccept":false,
    "SDAccept":false,
    "EnumName": "ASAStatusEnum"
  },
  {
    "Order": 28,
    "FriendlyName": "InstSxy (OSS) (%)",
    "Visible": false,
    "Variable": "sxy",
    "UnitName": "",
    "FormatType": null,
    "IsFrozen": false,
    "ColumnWidth": "110px",
    "DecPlaces":3,
    "MeanAll":false,
    "SDAll":false,
    "MeanAccept":false,
    "SDAccept":false,
    "EnumName": "ASAStatusEnum"
  },
  {
    "Order": 29,
    "FriendlyName": "Sxy MAv (OSS) (%)",
    "Visible": false,
    "Variable": "sxyMav",
    "ColorVariable":"sxyMav",
    "ColorCodes":["bg-dark-blue"],
    "UnitName": "",
    "FormatType": null,
    "IsFrozen": false,
    "ColumnWidth": "115px",
    "DecPlaces":0,
    "MeanAll":false,
    "SDAll":false,
    "MeanAccept":false,
    "SDAccept":false,
    "EnumName": "ASAStatusEnum"
  }
]
