[
  {
    "Order": 0,
    "FriendlyName": "MSA State",
    "Visible": true,
    "Variable": "MsaState",
    "UnitName": "",
    "FormatType": null,
    "IsFrozen": true,
    "DecPlaces":1,
    "MeanAll":false,
    "SDAll":false,
    "MeanAccept":false,
    "SDAccept":false,
    "ColumnWidth": "100px"
  },
  {
    "Order": 1,
    "FriendlyName": "Depth (ft)",
    "Visible": true,
    "Variable": "depth",
    "UnitName": "",
    "FormatType": null,
    "IsFrozen": true,
    "DecPlaces":2,
    "MeanAll":false,
    "SDAll":false,
    "MeanAccept":false,
    "SDAccept":false,
    "ColumnWidth": "70px"
  },
  {
    "Order": 3,
    "FriendlyName": "Gx (g)",
    "Visible": false,
    "Variable": "gx",
    "UnitName": "",
    "FormatType": null,
    "IsFrozen": false,
    "DecPlaces":5,
    "MeanAll":false,
    "SDAll":false,
    "MeanAccept":false,
    "SDAccept":false,
    "ColumnWidth": "66px"
  },
  {
    "Order": 4,
    "FriendlyName": "Gy (g)",
    "Visible": false,
    "Variable": "gy",
    "UnitName": "",
    "FormatType": null,
    "IsFrozen": false,
    "DecPlaces":5,
    "MeanAll":false,
    "SDAll":false,
    "MeanAccept":false,
    "SDAccept":false,
    "ColumnWidth": "66px"
  },
  {
    "Order": 5,
    "FriendlyName": "Gz (g)",
    "Visible": false,
    "Variable": "gz",
    "UnitName": "",
    "FormatType": null,
    "IsFrozen": false,
    "DecPlaces":5,
    "MeanAll":false,
    "SDAll":false,
    "MeanAccept":false,
    "SDAccept":false,
    "ColumnWidth": "66px"
  },
  {
    "Order": 6,
    "FriendlyName": "Bx (nT)",
    "Visible": false,
    "Variable": "bx",
    "UnitName": "",
    "FormatType": null,
    "IsFrozen": false,
    "DecPlaces":0,
    "MeanAll":false,
    "SDAll":false,
    "MeanAccept":false,
    "SDAccept":false,
    "ColumnWidth": "55px"
  },
  {
    "Order": 7,
    "FriendlyName": "By (nT)",
    "Visible": false,
    "Variable": "by",
    "UnitName": "",
    "FormatType": null,
    "IsFrozen": false,
    "DecPlaces":0,
    "MeanAll":false,
    "SDAll":false,
    "MeanAccept":false,
    "SDAccept":false,
    "ColumnWidth": "55px"
  },
  {
    "Order": 8,
    "FriendlyName": "Bz (nT)",
    "Visible": false,
    "Variable": "bz",
    "UnitName": "",
    "FormatType": null,
    "IsFrozen": false,
    "DecPlaces":0,
    "MeanAll":false,
    "SDAll":false,
    "MeanAccept":false,
    "SDAccept":false,
    "ColumnWidth": "55px"
  },
  {
    "Order": 9,
    "FriendlyName": "dBz SC (Raw) (nT)",
    "Visible": false,
    "Variable": "dBzSc",
    "UnitName": "",
    "FormatType": null,
    "IsFrozen": false,
    "DecPlaces":0,
    "MeanAll":true,
    "SDAll":true,
    "MeanAccept":false,
    "SDAccept":false,
    "ColumnWidth": "120px"
  },
  {
    "Order": 10,
    "FriendlyName": "dBz MAv (Raw) (nT)",
    "Visible": false,
    "Variable": "dBzMAv",
    "ColorVariable":"dBzMAv",
    "ColorCodes":["bg-dark-blue"],
    "UnitName": "",
    "FormatType": null,
    "IsFrozen": false,
    "DecPlaces":0,
    "MeanAll":true,
    "SDAll":true,
    "MeanAccept":false,
    "SDAccept":false,
    "ColumnWidth": "117px"
  },
  {
    "Order": 11,
    "FriendlyName": "Inclination (°)",
    "Visible": false,
    "Variable": "inclination",
    "UnitName": "",
    "FormatType": null,
    "IsFrozen": false,
    "DecPlaces":2,
    "MeanAll":false,
    "SDAll":false,
    "MeanAccept":false,
    "SDAccept":false,
    "ColumnWidth": "00px"
  },
  {
    "Order": 12,
    "FriendlyName": "HS (nT)",
    "Visible": false,
    "Variable": "hsd",
    "UnitName": "",
    "FormatType": null,
    "IsFrozen": false,
    "DecPlaces":5,
    "MeanAll":false,
    "SDAll":false,
    "MeanAccept":false,
    "SDAccept":false,
    "ColumnWidth": "75px"
  },
  {
    "Order": 13,
    "FriendlyName": "HS Spread (nT)",
    "Visible": false,
    "Variable": "hsSpread",
    "ColorVariable":"hsSpreadStatus",
    "ColorCodes":[null, "bg-dark-blue"],
    "UnitName": "",
    "FormatType": null,
    "IsFrozen": false,
    "DecPlaces":5,
    "MeanAll":false,
    "SDAll":false,
    "MeanAccept":false,
    "SDAccept":false,
    "ColumnWidth": "105px"
  },
  {
    "Order": 14,
    "FriendlyName": "Az S (Raw)",
    "Visible": false,
    "Variable": "azSc",
    "UnitName": "",
    "FormatType": null,
    "IsFrozen": false,
    "DecPlaces":2,
    "MeanAll":false,
    "SDAll":false,
    "MeanAccept":false,
    "SDAccept":false,
    "ColumnWidth": "71px"
  },
  {
    "Order": 15,
    "FriendlyName": "Az L (Raw) (°)",
    "Visible": false,
    "Variable": "azLc",
    "UnitName": "",
    "FormatType": null,
    "IsFrozen": false,
    "DecPlaces":2,
    "MeanAll":false,
    "SDAll":false,
    "MeanAccept":false,
    "SDAccept":false,
    "ColumnWidth": "90px"
  },
  {
    "Order": 16,
    "FriendlyName": "Az L MAv (Raw) (°)",
    "Visible": false,
    "Variable": "azLcMAv",
    "ColorVariable":"azLcMAv",
    "ColorCodes":["bg-dark-blue"],
    "UnitName": "",
    "FormatType": null,
    "IsFrozen": false,
    "DecPlaces":2,
    "MeanAll":false,
    "SDAll":false,
    "MeanAccept":false,
    "SDAccept":false,
    "ColumnWidth": "126px"
  },
  {
    "Order": 17,
    "FriendlyName": "Az S (Raw) <Grid>",
    "Visible": false,
    "Variable": "azScTrue",
    "ColorVariable":"azScTrue",
    "ColorCodes":["bg-purple"],
    "UnitName": "",
    "FormatType": null,
    "IsFrozen": false,
    "DecPlaces":2,
    "MeanAll":false,
    "SDAll":false,
    "MeanAccept":false,
    "SDAccept":false,
    "ColumnWidth": "117px"
  },
  {
    "Order": 18,
    "FriendlyName": "Az L (Raw) <Grid>",
    "Visible": false,
    "Variable": "azLcTrue",
    "ColorVariable":"azLcTrue",
    "ColorCodes":["bg-purple"],
    "UnitName": "",
    "FormatType": null,
    "IsFrozen": false,
    "DecPlaces":2,
    "MeanAll":false,
    "SDAll":false,
    "MeanAccept":false,
    "SDAccept":false,
    "ColumnWidth": "112px"
  },
  {
    "Order": 19,
    "FriendlyName": "Az L MAv (Raw) <Grid>",
    "Visible": false,
    "Variable": "azLcMavTrue",
    "ColorVariable":"azLcMavTrue",
    "ColorCodes":["bg-purple"],
    "UnitName": "",
    "FormatType": null,
    "IsFrozen": false,
    "DecPlaces":2,
    "MeanAll":false,
    "SDAll":false,
    "MeanAccept":false,
    "SDAccept":false,
    "ColumnWidth": "140px"
  },
  {
    "Order": 20,
    "FriendlyName": "Gt (Raw) (g)",
    "Visible": false,
    "Variable": "gt",
    "ColorVariable":"gtStatus",
    "ColorCodes":[null, "bg-red"],
    "UnitName": "",
    "FormatType": null,
    "IsFrozen": false,
    "DecPlaces":6,
    "MeanAll":true,
    "SDAll":true,
    "MeanAccept":false,
    "SDAccept":false,
    "ColumnWidth": "85px"
  },
  {
    "Order": 21,
    "FriendlyName": "Bc (Raw) (nT)",
    "Visible": false,
    "Variable": "bc",
    "ColorVariable":"bcStatus",
    "ColorCodes":[null, "bg-red"],
    "UnitName": "",
    "FormatType": null,
    "IsFrozen": false,
    "DecPlaces":0,
    "MeanAll":true,
    "SDAll":true,
    "MeanAccept":false,
    "SDAccept":false,
    "ColumnWidth": "90px"
  },
  {
    "Order": 22,
    "FriendlyName": "Dipc (Raw) (°)",
    "Visible": false,
    "Variable": "dipc",
    "ColorVariable":"dipcStatus",
    "ColorCodes":[null, "bg-red"],
    "UnitName": "",
    "FormatType": null,
    "IsFrozen": false,
    "DecPlaces":3,
    "MeanAll":true,
    "SDAll":true,
    "MeanAccept":false,
    "SDAccept":false,
    "ColumnWidth": "95px"
  },
  {
    "Order": 23,
    "FriendlyName": "Bc MAv (Raw) (nT)",
    "Visible": false,
    "Variable": "bcMav",
    "ColorVariable":"bcMavStatus",
    "ColorCodes":["bg-dark-blue", "bg-red"],
    "UnitName": "",
    "FormatType": null,
    "IsFrozen": false,
    "DecPlaces":0,
    "MeanAll":true,
    "SDAll":true,
    "MeanAccept":false,
    "SDAccept":false,
    "ColumnWidth": "115px"
  },
  {
    "Order": 24,
    "FriendlyName": "Dipc MAv (Raw) (°)",
    "Visible": false,
    "Variable": "dipcMav",
    "ColorVariable":"dipcMavStatus",
    "ColorCodes":["bg-dark-blue", "bg-red"],
    "UnitName": "",
    "FormatType": null,
    "IsFrozen": false,
    "DecPlaces":3,
    "MeanAll":true,
    "SDAll":true,
    "MeanAccept":false,
    "SDAccept":false,
    "ColumnWidth": "115px"
  },
  {
    "Order": 25,
    "FriendlyName": "dB (Raw) (nT)",
    "Visible": false,
    "Variable": "dB",
    "ColorVariable":"dBStatus",
    "ColorCodes":[null, "bg-red"],
    "UnitName": "",
    "FormatType": null,
    "IsFrozen": false,
    "DecPlaces":0,
    "MeanAll":true,
    "SDAll":true,
    "MeanAccept":false,
    "SDAccept":false,
    "ColumnWidth": "90px"
  },
  {
    "Order": 26,
    "FriendlyName": "dDip (Raw) (°)",
    "Visible": false,
    "Variable": "dDip",
    "ColorVariable":"dDipStatus",
    "ColorCodes":[null, "bg-red"],
    "UnitName": "",
    "FormatType": null,
    "IsFrozen": false,
    "DecPlaces":3,
    "MeanAll":true,
    "SDAll":true,
    "MeanAccept":false,
    "SDAccept":false,
    "ColumnWidth": "90px"
  },
  {
    "Order": 26,
    "FriendlyName": "BtDip (Raw) (nT)",
    "Visible": false,
    "Variable": "btDip",
    "ColorVariable":"btDipStatus",
    "ColorCodes":[null, "bg-red"],
    "UnitName": "",
    "FormatType": null,
    "IsFrozen": false,
    "DecPlaces":0,
    "MeanAll":true,
    "SDAll":true,
    "MeanAccept":false,
    "SDAccept":false,
    "ColumnWidth": "105px"
  },
  {
    "Order": 27,
    "FriendlyName": "dB MAv (Raw) (nT)",
    "Visible": false,
    "Variable": "dBMav",
    "ColorVariable":"dBMavStatus",
    "ColorCodes":["bg-dark-blue", "bg-red"],
    "UnitName": "",
    "FormatType": null,
    "IsFrozen": false,
    "DecPlaces":0,
    "MeanAll":true,
    "SDAll":true,
    "MeanAccept":false,
    "SDAccept":false,
    "ColumnWidth": "120px"
  },
  {
    "Order": 28,
    "FriendlyName": "dDip MAv (Raw) (°)",
    "Visible": false,
    "Variable": "dDipMav",
    "ColorVariable":"dDipMavStatus",
    "ColorCodes":["bg-dark-blue", "bg-red"],
    "UnitName": "",
    "FormatType": null,
    "IsFrozen": false,
    "DecPlaces":3,
    "MeanAll":true,
    "SDAll":true,
    "MeanAccept":false,
    "SDAccept":false,
    "ColumnWidth": "118px"
  },
  {
    "Order": 29,
    "FriendlyName": "BtDip MAv (Raw) (nT)",
    "Visible": false,
    "Variable": "btDipMav",
    "ColorVariable":"btDipMavStatus",
    "ColorCodes":["bg-dark-blue", "bg-red"],
    "UnitName": "",
    "FormatType": null,
    "IsFrozen": false,
    "DecPlaces":0,
    "MeanAll":true,
    "SDAll":true,
    "MeanAccept":false,
    "SDAccept":false,
    "ColumnWidth": "135px"
  },
  {
    "Order": 30,
    "FriendlyName": "BGm MAv (Raw) (°)",
    "Visible": false,
    "Variable": "bGmMav",
    "ColorVariable":"bGmMav",
    "ColorCodes":["bg-dark-blue"],
    "UnitName": "",
    "FormatType": null,
    "IsFrozen": false,
    "DecPlaces":3,
    "MeanAll":true,
    "SDAll":true,
    "MeanAccept":false,
    "SDAccept":false,
    "ColumnWidth": "120px"
  },
  {
    "Order": 31,
    "FriendlyName": "Inst Sxy (Raw) (%)",
    "Visible": false,
    "Variable": "sxy",
    "UnitName": "",
    "FormatType": null,
    "IsFrozen": false,
    "DecPlaces":3,
    "MeanAll":true,
    "SDAll":true,
    "MeanAccept":false,
    "SDAccept":false,
    "ColumnWidth": "118px"
  },
  {
    "Order": 32,
    "FriendlyName": "Sxy MAv (Raw) (%)",
    "Visible": false,
    "Variable": "sxyMav",
    "ColorVariable":"sxyMav",
    "ColorCodes":["bg-dark-blue"],
    "UnitName": "",
    "FormatType": null,
    "IsFrozen": false,
    "DecPlaces":3,
    "MeanAll":false,
    "SDAll":false,
    "MeanAccept":false,
    "SDAccept":false,
    "ColumnWidth": "120px"
  }
]
