[
  {
    "Order": 0,
    "FriendlyName": "MSA State",
    "Visible": true,
    "Variable": "msaState",
    "UnitName": "",
    "FormatType": null,
    "IsFrozen": true,
    "ColumnWidth": "100px",
    "DecPlaces":0,
    "MeanAll":false,
    "SDAll":false,
    "MeanAccept":false,
    "SDAccept":false,
    "EnumName": "surveyStatusEnum"
  },
  {
    "Order": 1,
    "FriendlyName": "Depth (ft)",
    "Visible": true,
    "Variable": "depth",
    "UnitName": "",
    "FormatType": null,
    "IsFrozen": true,
    "ColumnWidth": "70px",
    "DecPlaces":2,
    "MeanAll":false,
    "SDAll":false,
    "MeanAccept":false,
    "SDAccept":false,
    "EnumName": "ASAStatusEnum"
  },
  {
    "Order": 3,
    "FriendlyName": "dBx (SFE) (nT)",
    "Visible": false,
    "Variable": "dBx",
    "ColorVariable":"dBxStatus",
    "ColorCodes":[null, "bg-yellow"],
    "UnitName": "",
    "FormatType": null,
    "IsFrozen": false,
    "ColumnWidth": "92px",
    "DecPlaces":2,
    "MeanAll":true,
    "SDAll":true,
    "MeanAccept":true,
    "SDAccept":true,
    "EnumName": "ASAStatusEnum"
  },
  {
    "Order": 4,
    "FriendlyName": "dBy (SFE) (nT)",
    "Visible": false,
    "Variable": "dBy",
    "ColorVariable":"dByStatus",
    "ColorCodes":[null, "bg-yellow"],
    "UnitName": "",
    "FormatType": null,
    "IsFrozen": false,
    "ColumnWidth": "92px",
    "DecPlaces":2,
    "MeanAll":true,
    "SDAll":true,
    "MeanAccept":true,
    "SDAccept":true,
    "EnumName": "ASAStatusEnum"
  },
  {
    "Order": 5,
    "FriendlyName": "dBz (SFE) (nT)",
    "Visible": false,
    "Variable": "dBz",
    "UnitName": "",
    "FormatType": null,
    "IsFrozen": false,
    "ColumnWidth": "92px",
    "DecPlaces":2,
    "MeanAll":true,
    "SDAll":true,
    "MeanAccept":false,
    "SDAccept":false,
    "EnumName": "ASAStatusEnum"
  },
  {
    "Order": 6,
    "FriendlyName": "Sx (SFE) (%)",
    "Visible": false,
    "Variable": "sx",
    "ColorVariable":"sxStatus",
    "ColorCodes":[null, "bg-yellow"],
    "UnitName": "",
    "FormatType": null,
    "IsFrozen": false,
    "ColumnWidth": "82px",
    "DecPlaces":3,
    "MeanAll":true,
    "SDAll":true,
    "MeanAccept":true,
    "SDAccept":true,
    "EnumName": "ASAStatusEnum"
  },
  {
    "Order": 8,
    "FriendlyName": "Sy (SFE) (%)",
    "Visible": false,
    "Variable": "sy",
    "ColorVariable":"syStatus",
    "ColorCodes":[null, "bg-yellow"],
    "UnitName": "",
    "FormatType": null,
    "IsFrozen": false,
    "ColumnWidth": "82px",
    "DecPlaces":3,
    "MeanAll":true,
    "SDAll":true,
    "MeanAccept":true,
    "SDAccept":true,
    "EnumName": "ASAStatusEnum"
  },
  {
    "Order": 9,
    "FriendlyName": "dBxAcc (SFE) (nT)",
    "Visible": false,
    "Variable": "dBxAcc",
    "ColorVariable":"dBxAccStatus",
    "ColorCodes":[null, "bg-yellow"],
    "UnitName": "",
    "FormatType": null,
    "IsFrozen": false,
    "ColumnWidth": "114px",
    "DecPlaces":0,
    "MeanAll":false,
    "SDAll":false,
    "MeanAccept":false,
    "SDAccept":false,
    "EnumName": "ASAStatusEnum"
  },
  {
    "Order": 10,
    "FriendlyName": "dByAcc (SFE) (nT)",
    "Visible": false,
    "Variable": "dByAcc",
    "ColorVariable":"dByAccStatus",
    "ColorCodes":[null, "bg-yellow"],
    "UnitName": "",
    "FormatType": null,
    "IsFrozen": false,
    "ColumnWidth": "114px",
    "DecPlaces":0,
    "MeanAll":false,
    "SDAll":false,
    "MeanAccept":false,
    "SDAccept":false,
    "EnumName": "ASAStatusEnum"
  },
  {
    "Order": 11,
    "FriendlyName": "dBzAcc (SFE) (nT)",
    "Visible": false,
    "Variable": "dBzAcc",
    "UnitName": "",
    "FormatType": null,
    "IsFrozen": false,
    "ColumnWidth": "114px",
    "DecPlaces":0,
    "MeanAll":false,
    "SDAll":false,
    "MeanAccept":false,
    "SDAccept":false,
    "EnumName": "ASAStatusEnum"
  },
  {
    "Order": 12,
    "FriendlyName": "SxAcc (SFE) (%)",
    "Visible": false,
    "Variable": "sxAcc",
    "UnitName": "",
    "FormatType": null,
    "IsFrozen": false,
    "ColumnWidth": "105px",
    "DecPlaces":0,
    "MeanAll":false,
    "SDAll":false,
    "MeanAccept":false,
    "SDAccept":false,
    "EnumName": "ASAStatusEnum"
  },
  {
    "Order": 13,
    "FriendlyName": "SyAcc (SFE) (%)",
    "Visible": false,
    "Variable": "syAcc",
    "UnitName": "",
    "FormatType": null,
    "IsFrozen": false,
    "ColumnWidth": "103px",
    "DecPlaces":0,
    "MeanAll":false,
    "SDAll":false,
    "MeanAccept":false,
    "SDAccept":false,
    "EnumName": "ASAStatusEnum"
  },
  {
    "Order": 14,
    "FriendlyName": "dBz (SC) (SFE) (°)",
    "Visible": false,
    "Variable": "dBz",
    "UnitName": "",
    "FormatType": null,
    "IsFrozen": false,
    "ColumnWidth": "112px",
    "DecPlaces":0,
    "MeanAll":true,
    "SDAll":true,
    "MeanAccept":false,
    "SDAccept":false,
    "EnumName": "ASAStatusEnum"
  },
  {
    "Order": 15,
    "FriendlyName": "dBz MAv (SFE) (°)",
    "Visible": false,
    "Variable": "dBzMAv",
    "ColorVariable":"dBzMAv",
    "ColorCodes":["bg-dark-blue"],
    "UnitName": "",
    "FormatType": null,
    "IsFrozen": false,
    "ColumnWidth": "112px",
    "DecPlaces":0,
    "MeanAll":true,
    "SDAll":true,
    "MeanAccept":false,
    "SDAccept":false,
    "EnumName": "ASAStatusEnum"
  },
  {
    "Order": 16,
    "FriendlyName": "Az S (SFE) (°)",
    "Visible": false,
    "Variable": "azSc",
    "UnitName": "",
    "FormatType": null,
    "IsFrozen": false,
    "ColumnWidth": "90px",
    "DecPlaces":0,
    "MeanAll":false,
    "SDAll":false,
    "MeanAccept":false,
    "SDAccept":false,
    "EnumName": "ASAStatusEnum"
  },
  {
    "Order": 17,
    "FriendlyName": "Az L (SFE) (°)",
    "Visible": false,
    "Variable": "azLc",
    "UnitName": "",
    "FormatType": null,
    "IsFrozen": false,
    "ColumnWidth": "90px",
    "DecPlaces":0,
    "MeanAll":false,
    "SDAll":false,
    "MeanAccept":false,
    "SDAccept":false,
    "EnumName": "ASAStatusEnum"
  },
  {
    "Order": 18,
    "FriendlyName": "Az L MAv (SFE) (°)",
    "Visible": false,
    "Variable": "azLcMAv",
    "ColorVariable":"azLcMAv",
    "ColorCodes":["bg-dark-blue"],
    "UnitName": "",
    "FormatType": null,
    "IsFrozen": false,
    "ColumnWidth": "113px",
    "DecPlaces":0,
    "MeanAll":false,
    "SDAll":false,
    "MeanAccept":false,
    "SDAccept":false,
    "EnumName": "ASAStatusEnum"
  },
  {
    "Order": 19,
    "FriendlyName": "Az S (SFE) <Grid>",
    "Visible": false,
    "Variable": "azScTrue",
    "ColorVariable":"azScTrue",
    "ColorCodes":["bg-purple"],
    "UnitName": "",
    "FormatType": null,
    "IsFrozen": false,
    "ColumnWidth": "112px",
    "DecPlaces":0,
    "MeanAll":false,
    "SDAll":false,
    "MeanAccept":false,
    "SDAccept":false,
    "EnumName": "ASAStatusEnum"
  },
  {
    "Order": 20,
    "FriendlyName": "Az L (SFE) <Grid>",
    "Visible": false,
    "Variable": "azLcTrue",
    "ColorVariable":"azLcTrue",
    "ColorCodes":["bg-purple"],
    "UnitName": "",
    "FormatType": null,
    "IsFrozen": false,
    "ColumnWidth": "120px",
    "DecPlaces":0,
    "MeanAll":false,
    "SDAll":false,
    "MeanAccept":false,
    "SDAccept":false,
    "EnumName": "ASAStatusEnum"
  },
  {
    "Order": 21,
    "FriendlyName": "Az L MAv (SFE) <Grid>",
    "Visible": false,
    "Variable": "azLcMavTrue",
    "ColorVariable":"azLcMavTrue",
    "ColorCodes":["bg-purple"],
    "UnitName": "",
    "FormatType": null,
    "IsFrozen": false,
    "ColumnWidth": "129px",
    "DecPlaces":0,
    "MeanAll":false,
    "SDAll":false,
    "MeanAccept":false,
    "SDAccept":false,
    "EnumName": "ASAStatusEnum"
  },
  {
    "Order": 22,
    "FriendlyName": "Bc (SFE) (nT)",
    "Visible": false,
    "Variable": "bc",
    "ColorVariable":"bcStatus",
    "ColorCodes":[null, "bg-red"],
    "UnitName": "",
    "FormatType": null,
    "IsFrozen": false,
    "ColumnWidth": "90px",
    "DecPlaces":0,
    "MeanAll":true,
    "SDAll":true,
    "MeanAccept":false,
    "SDAccept":false,
    "EnumName": "ASAStatusEnum"
  },
  {
    "Order": 23,
    "FriendlyName": "Dipc (SFE) (°)",
    "Visible": false,
    "Variable": "dipc",
    "ColorVariable":"dipcStatus",
    "ColorCodes":[null, "bg-red"],
    "UnitName": "",
    "FormatType": null,
    "IsFrozen": false,
    "ColumnWidth": "92px",
    "DecPlaces":0,
    "MeanAll":true,
    "SDAll":true,
    "MeanAccept":false,
    "SDAccept":false,
    "EnumName": "ASAStatusEnum"
  },
  {
    "Order": 24,
    "FriendlyName": "Bc MAv (SFE) (nT)",
    "Visible": false,
    "Variable": "bcMav",
    "ColorVariable":"bcMavStatus",
    "ColorCodes":["bg-dark-blue", "bg-red"],
    "UnitName": "",
    "FormatType": null,
    "IsFrozen": false,
    "ColumnWidth": "113px",
    "DecPlaces":0,
    "MeanAll":true,
    "SDAll":true,
    "MeanAccept":false,
    "SDAccept":false,
    "EnumName": "ASAStatusEnum"
  },
  {
    "Order": 25,
    "FriendlyName": "Dipc MAv (SFE) (°)",
    "Visible": false,
    "Variable": "dipcMav",
    "ColorVariable":"dipcMavStatus",
    "ColorCodes":["bg-dark-blue", "bg-red"],
    "UnitName": "",
    "FormatType": null,
    "IsFrozen": false,
    "ColumnWidth": "118px",
    "DecPlaces":0,
    "MeanAll":true,
    "SDAll":true,
    "MeanAccept":false,
    "SDAccept":false,
    "EnumName": "ASAStatusEnum"
  },
  {
    "Order": 26,
    "FriendlyName": "dB (SFE) (nT)",
    "Visible": false,
    "Variable": "dB",
    "ColorVariable":"dBStatus",
    "ColorCodes":[null, "bg-red"],
    "UnitName": "",
    "FormatType": null,
    "IsFrozen": false,
    "ColumnWidth": "90px",
    "DecPlaces":0,
    "MeanAll":true,
    "SDAll":true,
    "MeanAccept":false,
    "SDAccept":false,
    "EnumName": "ASAStatusEnum"
  },
  {
    "Order": 27,
    "FriendlyName": "dDip (SFE) (°)",
    "Visible": false,
    "Variable": "dDip",
    "ColorVariable":"dDipStatus",
    "ColorCodes":[null, "bg-red"],
    "UnitName": "",
    "FormatType": null,
    "IsFrozen": false,
    "ColumnWidth": "92px",
    "DecPlaces":0,
    "MeanAll":true,
    "SDAll":true,
    "MeanAccept":false,
    "SDAccept":false,
    "EnumName": "ASAStatusEnum"
  },
  {
    "Order": 28,
    "FriendlyName": "BtDip (SFE) (nT)",
    "Visible": false,
    "Variable": "btDip",
    "ColorVariable":"btDipStatus",
    "ColorCodes":[null, "bg-red"],
    "UnitName": "",
    "FormatType": null,
    "IsFrozen": false,
    "ColumnWidth": "104px",
    "DecPlaces":0,
    "MeanAll":true,
    "SDAll":true,
    "MeanAccept":false,
    "SDAccept":false,
    "EnumName": "ASAStatusEnum"
  },
  {
    "Order": 29,
    "FriendlyName": "dB MAv (SFE) (nT)",
    "Visible": false,
    "Variable": "dBMav",
    "ColorVariable":"dBMavStatus",
    "ColorCodes":["bg-dark-blue", "bg-red"],
    "UnitName": "",
    "FormatType": null,
    "IsFrozen": false,
    "ColumnWidth": "118px",
    "DecPlaces":0,
    "MeanAll":true,
    "SDAll":true,
    "MeanAccept":false,
    "SDAccept":false,
    "EnumName": "ASAStatusEnum"
  },
  {
    "Order": 30,
    "FriendlyName": "dDip MAv (SFE) (°)",
    "Visible": false,
    "Variable": "dDipMav",
    "ColorVariable":"dDipMavStatus",
    "ColorCodes":["bg-dark-blue", "bg-red"],
    "UnitName": "",
    "FormatType": null,
    "IsFrozen": false,
    "ColumnWidth": "118px",
    "DecPlaces":0,
    "MeanAll":true,
    "SDAll":true,
    "MeanAccept":false,
    "SDAccept":false,
    "EnumName": "ASAStatusEnum"
  },
  {
    "Order": 31,
    "FriendlyName": "BtDip MAv (SFE) (nT)",
    "Visible": false,
    "Variable": "btDipMav",
    "ColorVariable":"dDipMavStatus",
    "ColorCodes":["bg-dark-blue", "bg-red"],
    "UnitName": "",
    "FormatType": null,
    "IsFrozen": false,
    "ColumnWidth": "126px",
    "DecPlaces":0,
    "MeanAll":true,
    "SDAll":true,
    "MeanAccept":false,
    "SDAccept":false,
    "EnumName": "ASAStatusEnum"
  },
  {
    "Order": 32,
    "FriendlyName": "BGm (SFE) (°)",
    "Visible": false,
    "Variable": "bGm",
    "UnitName": "",
    "FormatType": null,
    "IsFrozen": false,
    "ColumnWidth": "96px",
    "DecPlaces":0,
    "MeanAll":false,
    "SDAll":false,
    "MeanAccept":false,
    "SDAccept":false,
    "EnumName": "ASAStatusEnum"
  },
  {
    "Order": 33,
    "FriendlyName": "BGm MAv (SFE) (°)",
    "Visible": false,
    "Variable": "bGmMav",
    "ColorVariable":"bGmMav",
    "ColorCodes":["bg-dark-blue"],
    "UnitName": "",
    "FormatType": null,
    "IsFrozen": false,
    "ColumnWidth": "118px",
    "DecPlaces":0,
    "MeanAll":false,
    "SDAll":false,
    "MeanAccept":false,
    "SDAccept":false,
    "EnumName": "ASAStatusEnum"
  },
  {
    "Order": 34,
    "FriendlyName": "dBx (SFE+) (nT)",
    "Visible": false,
    "Variable": "dBxMax",
    "ColorVariable":"dBxMax",
    "ColorCodes":["bg-dark-red"],
    "UnitName": "",
    "FormatType": null,
    "IsFrozen": false,
    "ColumnWidth": "102px",
    "DecPlaces":0,
    "MeanAll":false,
    "SDAll":false,
    "MeanAccept":false,
    "SDAccept":false,
    "EnumName": "ASAStatusEnum"
  },
  {
    "Order": 35,
    "FriendlyName": "dBx (SFE-) (nT)",
    "Visible": false,
    "Variable": "dBxMin",
    "ColorVariable":"dBxMin",
    "ColorCodes":["bg-dark-red"],
    "UnitName": "",
    "FormatType": null,
    "IsFrozen": false,
    "ColumnWidth": "102px",
    "DecPlaces":0,
    "MeanAll":false,
    "SDAll":false,
    "MeanAccept":false,
    "SDAccept":false,
    "EnumName": "ASAStatusEnum"
  },
  {
    "Order": 36,
    "FriendlyName": "dBy (SFE+) (nT)",
    "Visible": false,
    "Variable": "dByMax",
    "ColorVariable":"dByMax",
    "ColorCodes":["bg-dark-red"],
    "UnitName": "",
    "FormatType": null,
    "IsFrozen": false,
    "ColumnWidth": "102px",
    "DecPlaces":0,
    "MeanAll":false,
    "SDAll":false,
    "MeanAccept":false,
    "SDAccept":false,
    "EnumName": "ASAStatusEnum"
  },
  {
    "Order": 37,
    "FriendlyName": "dBy (SFE-) (nT)",
    "Visible": false,
    "Variable": "dByMin",
    "ColorVariable":"dByMin",
    "ColorCodes":["bg-dark-red"],
    "UnitName": "",
    "FormatType": null,
    "IsFrozen": false,
    "ColumnWidth": "102px",
    "DecPlaces":0,
    "MeanAll":false,
    "SDAll":false,
    "MeanAccept":false,
    "SDAccept":false,
    "EnumName": "ASAStatusEnum"
  },
  {
    "Order": 38,
    "FriendlyName": "Sx (SFE+) (%)",
    "Visible": false,
    "Variable": "sxMax",
    "ColorVariable":"sxMax",
    "ColorCodes":["bg-dark-red"],
    "UnitName": "",
    "FormatType": null,
    "IsFrozen": false,
    "ColumnWidth": "90px",
    "DecPlaces":0,
    "MeanAll":false,
    "SDAll":false,
    "MeanAccept":false,
    "SDAccept":false,
    "EnumName": "ASAStatusEnum"
  },
  {
    "Order": 39,
    "FriendlyName": "Sx (SFE-) (%)",
    "Visible": false,
    "Variable": "sxMin",
    "ColorVariable":"sxMin",
    "ColorCodes":["bg-dark-red"],
    "UnitName": "",
    "FormatType": null,
    "IsFrozen": false,
    "ColumnWidth": "95px",
    "DecPlaces":0,
    "MeanAll":false,
    "SDAll":false,
    "MeanAccept":false,
    "SDAccept":false,
    "EnumName": "ASAStatusEnum"
  },
  {
    "Order": 40,
    "FriendlyName": "Sy (SFE+) (%)",
    "Visible": false,
    "Variable": "syMax",
    "ColorVariable":"syMax",
    "ColorCodes":["bg-dark-red"],
    "UnitName": "",
    "FormatType": null,
    "IsFrozen": false,
    "ColumnWidth": "98px",
    "DecPlaces":0,
    "MeanAll":false,
    "SDAll":false,
    "MeanAccept":false,
    "SDAccept":false,
    "EnumName": "ASAStatusEnum"
  },
  {
    "Order": 41,
    "FriendlyName": "Sy (SFE-) (%)",
    "Visible": false,
    "Variable": "syMin",
    "ColorVariable":"syMin",
    "ColorCodes":["bg-dark-red"],
    "UnitName": "",
    "FormatType": null,
    "IsFrozen": false,
    "ColumnWidth": "88px",
    "DecPlaces":0,
    "MeanAll":false,
    "SDAll":false,
    "MeanAccept":false,
    "SDAccept":false,
    "EnumName": "ASAStatusEnum"
  }
]
