[
  {
    "Order": 0,
    "FriendlyName": "MSA State",
    "Visible": true,
    "Variable": "msaState",
    "UnitName": "",
    "FormatType": null,
    "IsFrozen": true,
    "ColumnWidth": "100px",
    "DecPlaces":0,
    "MeanAll":false,
    "SDAll":false,
    "MeanAccept":false,
    "SDAccept":false,
    "EnumName": "surveyStatusEnum"
  },
  {
    "Order": 1,
    "FriendlyName": "Depth (ft)",
    "Visible": true,
    "Variable": "depth",
    "UnitName": "",
    "FormatType": null,
    "IsFrozen": true,
    "ColumnWidth": "70px",
    "DecPlaces":2,
    "MeanAll":false,
    "SDAll":false,
    "MeanAccept":false,
    "SDAccept":false,
    "EnumName": "ASAStatusEnum"
  },
  {
    "Order": 3,
    "FriendlyName": "dBx (Trans) (nT)",
    "Visible": false,
    "Variable": "dBx",
    "ColorVariable":"dBxStatus",
    "ColorCodes":[null],
    "UnitName": "",
    "FormatType": null,
    "IsFrozen": false,
    "ColumnWidth": "102px",
    "DecPlaces":0,
    "MeanAll":true,
    "SDAll":true,
    "MeanAccept":true,
    "SDAccept":true,
    "EnumName": "ASAStatusEnum"
  },
  {
    "Order": 4,
    "FriendlyName": "dBy (Trans) (nT)",
    "Visible": false,
    "Variable": "dBy",
    "ColorVariable":"dByStatus",
    "ColorCodes":[null],
    "UnitName": "",
    "FormatType": null,
    "IsFrozen": false,
    "ColumnWidth": "102px",
    "DecPlaces":0,
    "MeanAll":true,
    "SDAll":true,
    "MeanAccept":true,
    "SDAccept":true,
    "EnumName": "ASAStatusEnum"
  },
  {
    "Order": 5,
    "FriendlyName": "K (Trans) (nT)",
    "Visible": false,
    "Variable": "k",
    "UnitName": "",
    "FormatType": null,
    "IsFrozen": false,
    "ColumnWidth": "92px",
    "DecPlaces":0,
    "MeanAll":true,
    "SDAll":true,
    "MeanAccept":false,
    "SDAccept":false,
    "EnumName": "ASAStatusEnum"
  },
  {
    "Order": 6,
    "FriendlyName": "dBxAcc (Trans) (nT)",
    "Visible": false,
    "Variable": "dBxAcc",
    "UnitName": "",
    "FormatType": null,
    "IsFrozen": false,
    "ColumnWidth": "119px",
    "DecPlaces":0,
    "MeanAll":false,
    "SDAll":false,
    "MeanAccept":false,
    "SDAccept":false,
    "EnumName": "ASAStatusEnum"
  },
  {
    "Order": 7,
    "FriendlyName": "dByAcc (Trans) (nT)",
    "Visible": false,
    "Variable": "dByAcc",
    "UnitName": "",
    "FormatType": null,
    "IsFrozen": false,
    "ColumnWidth": "119px",
    "DecPlaces":0,
    "MeanAll":false,
    "SDAll":false,
    "MeanAccept":false,
    "SDAccept":false,
    "EnumName": "ASAStatusEnum"
  },
  {
    "Order": 8,
    "FriendlyName": "KAcc (Trans) (nT)",
    "Visible": false,
    "Variable": "kAcc",
    "UnitName": "",
    "FormatType": null,
    "IsFrozen": false,
    "ColumnWidth": "105px",
    "DecPlaces":0,
    "MeanAll":false,
    "SDAll":false,
    "MeanAccept":false,
    "SDAccept":false,
    "EnumName": "ASAStatusEnum"
  },
  {
    "Order": 9,
    "FriendlyName": "dBz (SC) (Trans) (°)",
    "Visible": false,
    "Variable": "dBzSc",
    "UnitName": "",
    "FormatType": null,
    "IsFrozen": false,
    "ColumnWidth": "115px",
    "DecPlaces":0,
    "MeanAll":true,
    "SDAll":true,
    "MeanAccept":false,
    "SDAccept":false,
    "EnumName": "ASAStatusEnum"
  },
  {
    "Order": 9,
    "FriendlyName": "dBz MAv (Trans) (°)",
    "Visible": false,
    "Variable": "dBzMAv",
    "ColorVariable":"dBzMAv",
    "ColorCodes":["bg-dark-blue"],
    "UnitName": "",
    "FormatType": null,
    "IsFrozen": false,
    "ColumnWidth": "115px",
    "DecPlaces":0,
    "MeanAll":true,
    "SDAll":true,
    "MeanAccept":false,
    "SDAccept":false,
    "EnumName": "ASAStatusEnum"
  },
  {
    "Order": 10,
    "FriendlyName": "Az S (Trans) (°)",
    "Visible": false,
    "Variable": "azSc",
    "UnitName": "",
    "FormatType": null,
    "IsFrozen": false,
    "ColumnWidth": "95px",
    "DecPlaces":2,
    "MeanAll":false,
    "SDAll":false,
    "MeanAccept":false,
    "SDAccept":false,
    "EnumName": "ASAStatusEnum"
  },
  {
    "Order": 11,
    "FriendlyName": "Az L (Trans) (°)",
    "Visible": false,
    "Variable": "azLc",
    "UnitName": "",
    "FormatType": null,
    "IsFrozen": false,
    "ColumnWidth": "95px",
    "DecPlaces":2,
    "MeanAll":false,
    "SDAll":false,
    "MeanAccept":false,
    "SDAccept":false,
    "EnumName": "ASAStatusEnum"
  },
  {
    "Order": 11,
    "FriendlyName": "Az L MAv (Trans) (°)",
    "Visible": false,
    "Variable": "azLcMAv",
    "ColorVariable":"azLcMAv",
    "ColorCodes":["bg-dark-blue"],
    "UnitName": "",
    "FormatType": null,
    "IsFrozen": false,
    "ColumnWidth": "125px",
    "DecPlaces":2,
    "MeanAll":false,
    "SDAll":false,
    "MeanAccept":false,
    "SDAccept":false,
    "EnumName": "ASAStatusEnum"
  },
  {
    "Order": 12,
    "FriendlyName": "Az S (Trans) <Grid>",
    "Visible": false,
    "Variable": "azScTrue",
    "ColorVariable":"azScTrue",
    "ColorCodes":["bg-purple"],
    "UnitName": "",
    "FormatType": null,
    "IsFrozen": false,
    "ColumnWidth": "120px",
    "DecPlaces":2,
    "MeanAll":false,
    "SDAll":false,
    "MeanAccept":false,
    "SDAccept":false,
    "EnumName": "ASAStatusEnum"
  },
  {
    "Order": 13,
    "FriendlyName": "Az L (Trans) <Grid>",
    "Visible": false,
    "Variable": "azLcTrue",
    "ColorVariable":"azLcTrue",
    "ColorCodes":["bg-purple"],
    "UnitName": "",
    "FormatType": null,
    "IsFrozen": false,
    "ColumnWidth": "120px",
    "DecPlaces":2,
    "MeanAll":false,
    "SDAll":false,
    "MeanAccept":false,
    "SDAccept":false,
    "EnumName": "ASAStatusEnum"
  },
  {
    "Order": 14,
    "FriendlyName": "Az L MAv (Trans) <Grid>",
    "Visible": false,
    "Variable": "azLcMavTrue",
    "ColorVariable":"azLcMavTrue",
    "ColorCodes":["bg-purple"],
    "UnitName": "",
    "FormatType": null,
    "IsFrozen": false,
    "ColumnWidth": "143px",
    "DecPlaces":2,
    "MeanAll":false,
    "SDAll":false,
    "MeanAccept":false,
    "SDAccept":false,
    "EnumName": "ASAStatusEnum"
  },
  {
    "Order": 15,
    "FriendlyName": "Bc (Trans) (nT)",
    "Visible": false,
    "Variable": "bc",
    "ColorVariable":"bcStatus",
    "ColorCodes":[null, "bg-red"],
    "UnitName": "",
    "FormatType": null,
    "IsFrozen": false,
    "ColumnWidth": "105px",
    "DecPlaces":0,
    "MeanAll":true,
    "SDAll":true,
    "MeanAccept":false,
    "SDAccept":false,
    "EnumName": "ASAStatusEnum"
  },
  {
    "Order": 16,
    "FriendlyName": "Dipc (Trans) (°)",
    "Visible": false,
    "Variable": "dipc",
    "ColorVariable":"dipcStatus",
    "ColorCodes":[null, "bg-red"],
    "UnitName": "",
    "FormatType": null,
    "IsFrozen": false,
    "ColumnWidth": "103px",
    "DecPlaces":3,
    "MeanAll":true,
    "SDAll":true,
    "MeanAccept":false,
    "SDAccept":false,
    "EnumName": "ASAStatusEnum"
  },
  {
    "Order": 17,
    "FriendlyName": "Bc MAv (Trans) (nT)",
    "Visible": false,
    "Variable": "bcMav",
    "ColorVariable":"bcMavStatus",
    "ColorCodes":["bg-dark-blue", "bg-red"],
    "UnitName": "",
    "FormatType": null,
    "IsFrozen": false,
    "ColumnWidth": "120px",
    "DecPlaces":0,
    "MeanAll":true,
    "SDAll":true,
    "MeanAccept":false,
    "SDAccept":false,
    "EnumName": "ASAStatusEnum"
  },
  {
    "Order": 17,
    "FriendlyName": "Dipc MAv (Trans) (°)",
    "Visible": false,
    "Variable": "dipcMav",
    "ColorVariable":"dipcMavStatus",
    "ColorCodes":["bg-dark-blue", "bg-red"],
    "UnitName": "",
    "FormatType": null,
    "IsFrozen": false,
    "ColumnWidth": "121px",
    "DecPlaces":3,
    "MeanAll":true,
    "SDAll":true,
    "MeanAccept":false,
    "SDAccept":false,
    "EnumName": "ASAStatusEnum"
  },
  {
    "Order": 18,
    "FriendlyName": "dB (Trans) (nT)",
    "Visible": false,
    "Variable": "dB",
    "ColorVariable":"dBStatus",
    "ColorCodes":[null, "bg-red"],
    "UnitName": "",
    "FormatType": null,
    "IsFrozen": false,
    "ColumnWidth": "95px",
    "DecPlaces":0,
    "MeanAll":true,
    "SDAll":true,
    "MeanAccept":false,
    "SDAccept":false,
    "EnumName": "ASAStatusEnum"
  },
  {
    "Order": 19,
    "FriendlyName": "dDip (Trans) (°)",
    "Visible": false,
    "Variable": "dDip",
    "ColorVariable":"dDipStatus",
    "ColorCodes":[null, "bg-red"],
    "UnitName": "",
    "FormatType": null,
    "IsFrozen": false,
    "ColumnWidth": "95px",
    "DecPlaces":3,
    "MeanAll":true,
    "SDAll":true,
    "MeanAccept":false,
    "SDAccept":false,
    "EnumName": "ASAStatusEnum"
  },
  {
    "Order": 20,
    "FriendlyName": "BtDip (Trans) (nT)",
    "Visible": false,
    "Variable": "btDip",
    "ColorVariable":"btDipStatus",
    "ColorCodes":[null, "bg-red"],
    "UnitName": "",
    "FormatType": null,
    "IsFrozen": false,
    "ColumnWidth": "105px",
    "DecPlaces":0,
    "MeanAll":true,
    "SDAll":true,
    "MeanAccept":false,
    "SDAccept":false,
    "EnumName": "ASAStatusEnum"
  },
  {
    "Order": 21,
    "FriendlyName": "dB MAv (Trans) (nT)",
    "Visible": false,
    "Variable": "dBMav",
    "ColorVariable":"dBMavStatus",
    "ColorCodes":["bg-dark-blue", "bg-red"],
    "UnitName": "",
    "FormatType": null,
    "IsFrozen": false,
    "ColumnWidth": "121px",
    "DecPlaces":0,
    "MeanAll":true,
    "SDAll":true,
    "MeanAccept":false,
    "SDAccept":false,
    "EnumName": "ASAStatusEnum"
  },
  {
    "Order": 22,
    "FriendlyName": "dDip MAv (Trans) (°)",
    "Visible": false,
    "Variable": "dDipMav",
    "ColorVariable":"dDipMavStatus",
    "ColorCodes":["bg-dark-blue", "bg-red"],
    "UnitName": "",
    "FormatType": null,
    "IsFrozen": false,
    "ColumnWidth": "121px",
    "DecPlaces":3,
    "MeanAll":true,
    "SDAll":true,
    "MeanAccept":false,
    "SDAccept":false,
    "EnumName": "ASAStatusEnum"
  },
  {
    "Order": 23,
    "FriendlyName": "BtDip MAv (Trans) (nT)",
    "Visible": false,
    "Variable": "btDipMav",
    "ColorVariable":"btDipMavStatus",
    "ColorCodes":["bg-dark-blue", "bg-red"],
    "UnitName": "",
    "FormatType": null,
    "IsFrozen": false,
    "ColumnWidth": "135px",
    "DecPlaces":0,
    "MeanAll":true,
    "SDAll":true,
    "MeanAccept":false,
    "SDAccept":false,
    "EnumName": "ASAStatusEnum"
  },
  {
    "Order": 24,
    "FriendlyName": "BGm MAv (Trans) (°)",
    "Visible": false,
    "Variable": "bGmMav",
    "ColorVariable":"bGmMav",
    "ColorCodes":["bg-dark-blue"],
    "UnitName": "",
    "FormatType": null,
    "IsFrozen": false,
    "ColumnWidth": "129px",
    "DecPlaces":0,
    "MeanAll":true,
    "SDAll":true,
    "MeanAccept":false,
    "SDAccept":false,
    "EnumName": "ASAStatusEnum"
  },
  {
    "Order": 25,
    "FriendlyName": "Inst Sxy (Trans)(%)",
    "Visible": false,
    "Variable": "sxy",
    "UnitName": "",
    "FormatType": null,
    "IsFrozen": false,
    "ColumnWidth": "115px",
    "DecPlaces":0,
    "MeanAll":true,
    "SDAll":true,
    "MeanAccept":false,
    "SDAccept":false,
    "EnumName": "ASAStatusEnum"
  },
  {
    "Order": 26,
    "FriendlyName": "Sxy MAv (Trans)(%)",
    "Visible": false,
    "Variable": "sxyMav",
    "ColorVariable":"sxyMav",
    "ColorCodes":["bg-dark-blue"],
    "UnitName": "",
    "FormatType": null,
    "IsFrozen": false,
    "ColumnWidth": "119px",
    "DecPlaces":0,
    "MeanAll":false,
    "SDAll":false,
    "MeanAccept":false,
    "SDAccept":false,
    "EnumName": "ASAStatusEnum"
  },
  {
    "Order": 27,
    "FriendlyName": "dBx (Tr+) (nT)",
    "Visible": false,
    "Variable": "dBxMax",
    "ColorVariable":"dBxMax",
    "ColorCodes":["bg-dark-red"],
    "UnitName": "",
    "FormatType": null,
    "IsFrozen": false,
    "ColumnWidth": "95px",
    "DecPlaces":0,
    "MeanAll":false,
    "SDAll":false,
    "MeanAccept":false,
    "SDAccept":false,
    "EnumName": "ASAStatusEnum"
  },
  {
    "Order": 28,
    "FriendlyName": "dBx (Tr-) (nT)",
    "Visible": false,
    "Variable": "dBxMin",
    "ColorVariable":"dBxMin",
    "ColorCodes":["bg-dark-red"],
    "UnitName": "",
    "FormatType": null,
    "IsFrozen": false,
    "ColumnWidth": "95px",
    "DecPlaces":0,
    "MeanAll":false,
    "SDAll":false,
    "MeanAccept":false,
    "SDAccept":false,
    "EnumName": "ASAStatusEnum"
  },
  {
    "Order": 29,
    "FriendlyName": "dBy (Tr+) (nT)",
    "Visible": false,
    "Variable": "dByMax",
    "ColorVariable":"dByMax",
    "ColorCodes":["bg-dark-red"],
    "UnitName": "",
    "FormatType": null,
    "IsFrozen": false,
    "ColumnWidth": "95px",
    "DecPlaces":0,
    "MeanAll":false,
    "SDAll":false,
    "MeanAccept":false,
    "SDAccept":false,
    "EnumName": "ASAStatusEnum"
  },
  {
    "Order": 30,
    "FriendlyName": "dBy (Tr-) (nT)",
    "Visible": false,
    "Variable": "dByMin",
    "ColorVariable":"dByMin",
    "ColorCodes":["bg-dark-red"],
    "UnitName": "",
    "FormatType": null,
    "IsFrozen": false,
    "ColumnWidth": "95px",
    "DecPlaces":0,
    "MeanAll":false,
    "SDAll":false,
    "MeanAccept":false,
    "SDAccept":false,
    "EnumName": "ASAStatusEnum"
  }
]
