[
  {
    "Order": 0,
    "FriendlyName": "MSA State",
    "Visible": true,
    "Variable": "msaState",
    "UnitName": "",
    "FormatType": null,
    "IsFrozen": true,
    "ColumnWidth": "100px",
    "DecPlaces":0,
    "MeanAll":false,
    "SDAll":false,
    "MeanAccept":false,
    "SDAccept":false,
    "EnumName": "surveyStatusEnum"
  },
  {
    "Order": 1,
    "FriendlyName": "Depth (ft)",
    "Visible": true,
    "Variable": "depth",
    "UnitName": "",
    "FormatType": null,
    "IsFrozen": true,
    "ColumnWidth": "70px",
    "DecPlaces":2,
    "MeanAll":false,
    "SDAll":false,
    "MeanAccept":false,
    "SDAccept":false,
    "EnumName": "ASAStatusEnum"
  },
  {
    "Order": 3,
    "FriendlyName": "dBx (TFC) (nT)",
    "Visible": false,
    "Variable": "dBx",
    "ColorVariable":"dBxStatus",
    "ColorCodes":["bg-yellow"],
    "UnitName": "",
    "FormatType": null,
    "IsFrozen": false,
    "ColumnWidth": "95px",
    "DecPlaces":0,
    "MeanAll":true,
    "SDAll":true,
    "MeanAccept":false,
    "SDAccept":false,
    "EnumName": "ASAStatusEnum"
  },
  {
    "Order": 4,
    "FriendlyName": "dBy (TFC) (nT)",
    "Visible": false,
    "Variable": "dBy",
    "ColorVariable":"dByStatus",
    "ColorCodes":["bg-yellow"],
    "UnitName": "",
    "FormatType": null,
    "IsFrozen": false,
    "ColumnWidth": "95px",
    "DecPlaces":0,
    "MeanAll":true,
    "SDAll":true,
    "MeanAccept":false,
    "SDAccept":false,
    "EnumName": "ASAStatusEnum"
  },
  {
    "Order": 5,
    "FriendlyName": "dBz (TFC) (nT)",
    "Visible": false,
    "Variable": "dBz",
    "UnitName": "",
    "FormatType": null,
    "IsFrozen": false,
    "ColumnWidth": "95px",
    "DecPlaces":0,
    "MeanAll":false,
    "SDAll":false,
    "MeanAccept":false,
    "SDAccept":false,
    "EnumName": "ASAStatusEnum"
  },
  {
    "Order": 6,
    "FriendlyName": "dBxAcc (TFC) (nT)",
    "Visible": false,
    "Variable": "dBxAcc",
    "ColorVariable":"dBxAccStatus",
    "ColorCodes":["bg-yellow"],
    "UnitName": "",
    "FormatType": null,
    "IsFrozen": false,
    "ColumnWidth": "110px",
    "DecPlaces":0,
    "MeanAll":false,
    "SDAll":false,
    "MeanAccept":false,
    "SDAccept":false,
    "EnumName": "ASAStatusEnum"
  },
  {
    "Order": 7,
    "FriendlyName": "dByAcc (TFC) (nT)",
    "Visible": false,
    "Variable": "dByAcc",
    "ColorVariable":"dByAccStatus",
    "ColorCodes":["bg-yellow"],
    "UnitName": "",
    "FormatType": null,
    "IsFrozen": false,
    "ColumnWidth": "110px",
    "DecPlaces":0,
    "MeanAll":false,
    "SDAll":false,
    "MeanAccept":false,
    "SDAccept":false,
    "EnumName": "ASAStatusEnum"
  },
  {
    "Order": 8,
    "FriendlyName": "dBzAcc (TFC) (nT)",
    "Visible": false,
    "Variable": "dBzAcc",
    "UnitName": "",
    "FormatType": null,
    "IsFrozen": false,
    "ColumnWidth": "110px",
    "DecPlaces":0,
    "MeanAll":false,
    "SDAll":false,
    "MeanAccept":false,
    "SDAccept":false,
    "EnumName": "ASAStatusEnum"
  },
  {
    "Order": 9,
    "FriendlyName": "dBz(SC) (TFC) (nT)",
    "Visible": false,
    "Variable": "dBzSc",
    "UnitName": "",
    "FormatType": null,
    "IsFrozen": false,
    "ColumnWidth": "120px",
    "MeanAll":false,
    "SDAll":false,
    "MeanAccept":false,
    "SDAccept":false,
    "EnumName": "ASAStatusEnum"
  },
  {
    "Order": 9,
    "FriendlyName": "dBz MAv (TFC) (nT)",
    "Visible": false,
    "Variable": "dBzMAv",
    "ColorVariable":"dBzMAv",
    "ColorCodes":["bg-dark-blue"],
    "UnitName": "",
    "FormatType": null,
    "IsFrozen": false,
    "ColumnWidth": "120px",
    "DecPlaces":0,
    "MeanAll":false,
    "SDAll":false,
    "MeanAccept":false,
    "SDAccept":false,
    "EnumName": "ASAStatusEnum"
  },
  {
    "Order": 10,
    "FriendlyName": "Az S (TFC) (°)",
    "Visible": false,
    "Variable": "azSc",
    "UnitName": "",
    "FormatType": null,
    "IsFrozen": false,
    "ColumnWidth": "90px",
    "DecPlaces":2,
    "MeanAll":false,
    "SDAll":false,
    "MeanAccept":false,
    "SDAccept":false,
    "EnumName": "ASAStatusEnum"
  },
  {
    "Order": 11,
    "FriendlyName": "Az L (TFC) (°)",
    "Visible": false,
    "Variable": "azLc",
    "UnitName": "",
    "FormatType": null,
    "IsFrozen": false,
    "ColumnWidth": "90px",
    "DecPlaces":2,
    "MeanAll":false,
    "SDAll":false,
    "MeanAccept":false,
    "SDAccept":false,
    "EnumName": "ASAStatusEnum"
  },
  {
    "Order": 11,
    "FriendlyName": "Az L MAv (TFC) (°)",
    "Visible": false,
    "Variable": "azLcMAv",
    "ColorVariable":"azLcMAv",
    "ColorCodes":["bg-dark-blue"],
    "UnitName": "",
    "FormatType": null,
    "IsFrozen": false,
    "ColumnWidth": "115px",
    "DecPlaces":2,
    "MeanAll":false,
    "SDAll":false,
    "MeanAccept":false,
    "SDAccept":false,
    "EnumName": "ASAStatusEnum"
  },
  {
    "Order": 12,
    "FriendlyName": "Az S (TFC) <Grid>",
    "Visible": false,
    "Variable": "azScTrue",
    "ColorVariable":"azScTrue",
    "ColorCodes":["bg-purple"],
    "UnitName": "",
    "FormatType": null,
    "IsFrozen": false,
    "ColumnWidth": "115px",
    "DecPlaces":2,
    "MeanAll":false,
    "SDAll":false,
    "MeanAccept":false,
    "SDAccept":false,
    "EnumName": "ASAStatusEnum"
  },
  {
    "Order": 13,
    "FriendlyName": "Az L (TFC) <Grid>",
    "Visible": false,
    "Variable": "azLcTrue",
    "ColorVariable":"azLcTrue",
    "ColorCodes":["bg-purple"],
    "UnitName": "",
    "FormatType": null,
    "IsFrozen": false,
    "ColumnWidth": "115px",
    "DecPlaces":2,
    "MeanAll":false,
    "SDAll":false,
    "MeanAccept":false,
    "SDAccept":false,
    "EnumName": "ASAStatusEnum"
  },
  {
    "Order": 14,
    "FriendlyName": "Az L MAv (TFC) <Grid>",
    "Visible": false,
    "Variable": "azLcMavTrue",
    "ColorVariable":"azLcMavTrue",
    "ColorCodes":["bg-purple"],
    "UnitName": "",
    "FormatType": null,
    "IsFrozen": false,
    "ColumnWidth": "140px",
    "DecPlaces":2,
    "MeanAll":false,
    "SDAll":false,
    "MeanAccept":false,
    "SDAccept":false,
    "EnumName": "ASAStatusEnum"
  },
  {
    "Order": 15,
    "FriendlyName": "Bc (TFC) (nT)",
    "Visible": false,
    "Variable": "bc",
    "ColorVariable":"bcStatus",
    "ColorCodes":[null, "bg-red"],
    "UnitName": "",
    "FormatType": null,
    "IsFrozen": false,
    "ColumnWidth": "85px",
    "DecPlaces":0,
    "MeanAll":false,
    "SDAll":false,
    "MeanAccept":false,
    "SDAccept":false,
    "EnumName": "ASAStatusEnum"
  },
  {
    "Order": 16,
    "FriendlyName": "Dipc (TFC) (°)",
    "Visible": false,
    "Variable": "dipc",
    "ColorVariable":"dipcStatus",
    "ColorCodes":[null, "bg-red"],
    "UnitName": "",
    "FormatType": null,
    "IsFrozen": false,
    "ColumnWidth": "92px",
    "DecPlaces":3,
    "MeanAll":false,
    "SDAll":false,
    "MeanAccept":false,
    "SDAccept":false,
    "EnumName": "ASAStatusEnum"
  },
  {
    "Order": 17,
    "FriendlyName": "Bc MAv (TFC) (nT)",
    "Visible": false,
    "Variable": "bcMav",
    "ColorVariable":"bcMavStatus",
    "ColorCodes":["bg-dark-blue", "bg-red"],
    "UnitName": "",
    "FormatType": null,
    "IsFrozen": false,
    "ColumnWidth": "115px",
    "DecPlaces":0,
    "MeanAll":false,
    "SDAll":false,
    "MeanAccept":false,
    "SDAccept":false,
    "EnumName": "ASAStatusEnum"
  },
  {
    "Order": 17,
    "FriendlyName": "Dipc MAv (TFC) (°)",
    "Visible": false,
    "Variable": "dipcMav",
    "ColorVariable":"dipcMavStatus",
    "ColorCodes":["bg-dark-blue", "bg-red"],
    "UnitName": "",
    "FormatType": null,
    "IsFrozen": false,
    "ColumnWidth": "120px",
    "DecPlaces":3,
    "MeanAll":false,
    "SDAll":false,
    "MeanAccept":false,
    "SDAccept":false,
    "EnumName": "ASAStatusEnum"
  },
  {
    "Order": 18,
    "FriendlyName": "dB (TFC) (nT)",
    "Visible": false,
    "Variable": "dB",
    "ColorVariable":"dBStatus",
    "ColorCodes":[null, "bg-red"],
    "UnitName": "",
    "FormatType": null,
    "IsFrozen": false,
    "ColumnWidth": "90px",
    "DecPlaces":0,
    "MeanAll":false,
    "SDAll":false,
    "MeanAccept":false,
    "SDAccept":false,
    "EnumName": "ASAStatusEnum"
  },
  {
    "Order": 19,
    "FriendlyName": "dDip (TFC) (°)",
    "Visible": false,
    "Variable": "dDip",
    "ColorVariable":"dDipStatus",
    "ColorCodes":[null, "bg-red"],
    "UnitName": "",
    "FormatType": null,
    "IsFrozen": false,
    "ColumnWidth": "90px",
    "DecPlaces":3,
    "MeanAll":false,
    "SDAll":false,
    "MeanAccept":false,
    "SDAccept":false,
    "EnumName": "ASAStatusEnum"
  },
  {
    "Order": 20,
    "FriendlyName": "BtDip (TFC) (nT)",
    "Visible": false,
    "Variable": "btDip",
    "ColorVariable":"btDipStatus",
    "ColorCodes":[null, "bg-red"],
    "UnitName": "",
    "FormatType": null,
    "IsFrozen": false,
    "ColumnWidth": "110px",
    "DecPlaces":0,
    "MeanAll":false,
    "SDAll":false,
    "MeanAccept":false,
    "SDAccept":false,
    "EnumName": "ASAStatusEnum"
  },
  {
    "Order": 21,
    "FriendlyName": "dB MAv (TFC) (nT)",
    "Visible": false,
    "Variable": "dBMav",
    "ColorVariable":"dBMavStatus",
    "ColorCodes":["bg-dark-blue", "bg-red"],
    "UnitName": "",
    "FormatType": null,
    "IsFrozen": false,
    "ColumnWidth": "115px",
    "DecPlaces":0,
    "MeanAll":false,
    "SDAll":false,
    "MeanAccept":false,
    "SDAccept":false,
    "EnumName": "ASAStatusEnum"
  },
  {
    "Order": 22,
    "FriendlyName": "dDip MAv (TFC) (°)",
    "Visible": false,
    "Variable": "dDipMav",
    "ColorVariable":"dDipMavStatus",
    "ColorCodes":["bg-dark-blue", "bg-red"],
    "UnitName": "",
    "FormatType": null,
    "IsFrozen": false,
    "ColumnWidth": "120px",
    "DecPlaces":3,
    "MeanAll":false,
    "SDAll":false,
    "MeanAccept":false,
    "SDAccept":false,
    "EnumName": "ASAStatusEnum"
  },
  {
    "Order": 23,
    "FriendlyName": "BtDip MAv (TFC) (nT)",
    "Visible": false,
    "Variable": "btDipMav",
    "ColorVariable":"btDipMavStatus",
    "ColorCodes":["bg-dark-blue", "bg-red"],
    "UnitName": "",
    "FormatType": null,
    "IsFrozen": false,
    "ColumnWidth": "130px",
    "DecPlaces":0,
    "MeanAll":false,
    "SDAll":false,
    "MeanAccept":false,
    "SDAccept":false,
    "EnumName": "ASAStatusEnum"
  },
  {
    "Order": 24,
    "FriendlyName": "BGm (TFC) (°)",
    "Visible": false,
    "Variable": "bGm",
    "UnitName": "",
    "FormatType": null,
    "IsFrozen": false,
    "ColumnWidth": "95px",
    "DecPlaces":0,
    "MeanAll":false,
    "SDAll":false,
    "MeanAccept":false,
    "SDAccept":false,
    "EnumName": "ASAStatusEnum"
  },
  {
    "Order": 25,
    "FriendlyName": "BGm MAv (TFC) (°)",
    "Visible": false,
    "Variable": "bGmMav",
    "ColorVariable":"bGmMav",
    "ColorCodes":["bg-dark-blue"],
    "UnitName": "",
    "FormatType": null,
    "IsFrozen": false,
    "ColumnWidth": "120px",
    "DecPlaces":0,
    "MeanAll":false,
    "SDAll":false,
    "MeanAccept":false,
    "SDAccept":false,
    "EnumName": "ASAStatusEnum"
  },
  {
    "Order": 26,
    "FriendlyName": "Inst Sxy (TFC)(%)",
    "Visible": false,
    "Variable": "sxy",
    "UnitName": "",
    "FormatType": null,
    "IsFrozen": false,
    "ColumnWidth": "110px",
    "DecPlaces":3,
    "MeanAll":false,
    "SDAll":false,
    "MeanAccept":false,
    "SDAccept":false,
    "EnumName": "ASAStatusEnum"
  },
  {
    "Order": 27,
    "FriendlyName": "Sxy MAv (TFC)(%)",
    "Visible": false,
    "Variable": "sxyMav",
    "ColorVariable":"sxyMav",
    "ColorCodes":["bg-dark-blue"],
    "UnitName": "",
    "FormatType": null,
    "IsFrozen": false,
    "ColumnWidth": "110px",
    "DecPlaces":3,
    "MeanAll":false,
    "SDAll":false,
    "MeanAccept":false,
    "SDAccept":false,
    "EnumName": "ASAStatusEnum"
  },
  {
    "Order": 28,
    "FriendlyName": "dBx (TFC+) (nT)",
    "Visible": false,
    "Variable": "dBxMax",
    "ColorVariable":"dBxMax",
    "ColorCodes":["bg-dark-red"],
    "UnitName": "",
    "FormatType": null,
    "IsFrozen": false,
    "ColumnWidth": "110px",
    "DecPlaces":0,
    "MeanAll":false,
    "SDAll":false,
    "MeanAccept":false,
    "SDAccept":false,
    "EnumName": "ASAStatusEnum"
  },
  {
    "Order": 29,
    "FriendlyName": "dBx (TFC-) (nT)",
    "Visible": false,
    "Variable": "dBxMin",
    "ColorVariable":"dBxMax",
    "ColorCodes":["bg-dark-red"],
    "UnitName": "",
    "FormatType": null,
    "IsFrozen": false,
    "ColumnWidth": "105px",
    "DecPlaces":0,
    "MeanAll":false,
    "SDAll":false,
    "MeanAccept":false,
    "SDAccept":false,
    "EnumName": "ASAStatusEnum"
  },
  {
    "Order": 30,
    "FriendlyName": "dBy (TFC+) (nT)",
    "Visible": false,
    "Variable": "dByMax",
    "ColorVariable":"dByMax",
    "ColorCodes":["bg-dark-red"],
    "UnitName": "",
    "FormatType": null,
    "IsFrozen": false,
    "ColumnWidth": "105px",
    "DecPlaces":0,
    "MeanAll":false,
    "SDAll":false,
    "MeanAccept":false,
    "SDAccept":false,
    "EnumName": "ASAStatusEnum"
  },
  {
    "Order": 31,
    "FriendlyName": "dBy (TFC-) (nT)",
    "Visible": false,
    "Variable": "dByMin",
    "ColorVariable":"dByMin",
    "ColorCodes":["bg-dark-red"],
    "UnitName": "",
    "FormatType": null,
    "IsFrozen": false,
    "ColumnWidth": "105px",
    "DecPlaces":0,
    "MeanAll":false,
    "SDAll":false,
    "MeanAccept":false,
    "SDAccept":false,
    "EnumName": "ASAStatusEnum"
  }
]
