[
  {
    "Order": 0,
    "FriendlyName": "MSA State",
    "Visible": true,
    "Variable": "msaState",
    "UnitName": "",
    "FormatType": null,
    "IsFrozen": true,
    "ColumnWidth": "100px",
    "DecPlaces":1,
    "MeanAll":false,
    "SDAll":false,
    "MeanAccept":false,
    "SDAccept":false,
    "EnumName": "surveyStatusEnum"
  },
  {
    "Order": 1,
    "FriendlyName": "Depth (ft)",
    "Visible": true,
    "Variable": "depth",
    "UnitName": "",
    "FormatType": null,
    "IsFrozen": true,
    "ColumnWidth": "80px",
    "DecPlaces":2,
    "MeanAll":false,
    "SDAll":false,
    "MeanAccept":false,
    "SDAccept":false,
    "EnumName": "ASAStatusEnum"
  },
  {
    "Order": 3,
    "FriendlyName": "dGx (OSS) (g)",
    "Visible": false,
    "Variable": "dGx",
    "UnitName": "",
    "FormatType": null,
    "IsFrozen": false,
    "ColumnWidth": "105px",
    "DecPlaces":5,
    "MeanAll":false,
    "SDAll":false,
    "MeanAccept":false,
    "SDAccept":false,
    "EnumName": "ASAStatusEnum"
  },
  {
    "Order": 4,
    "FriendlyName": "dGy (OSS) (g)",
    "Visible": false,
    "Variable": "dGy",
    "UnitName": "",
    "FormatType": null,
    "IsFrozen": false,
    "ColumnWidth": "105px",
    "DecPlaces":5,
    "MeanAll":false,
    "SDAll":false,
    "MeanAccept":false,
    "SDAccept":false,
    "EnumName": "ASAStatusEnum"
  },
  {
    "Order": 5,
    "FriendlyName": "dGz (OSS) (g)",
    "Visible": false,
    "Variable": "dGz",
    "UnitName": "",
    "FormatType": null,
    "IsFrozen": false,
    "ColumnWidth": "105px",
    "DecPlaces":5,
    "MeanAll":false,
    "SDAll":false,
    "MeanAccept":false,
    "SDAccept":false,
    "EnumName": "ASAStatusEnum"
  },
  {
    "Order": 6,
    "FriendlyName": "SGx (OSS) (%)",
    "Visible": false,
    "Variable": "sGx",
    "UnitName": "",
    "FormatType": null,
    "IsFrozen": false,
    "ColumnWidth": "110px",
    "DecPlaces":5,
    "MeanAll":false,
    "SDAll":false,
    "MeanAccept":false,
    "SDAccept":false,
    "EnumName": "ASAStatusEnum"
  },
  {
    "Order": 7,
    "FriendlyName": "SGy (OSS) (%)",
    "Visible": false,
    "Variable": "sGy",
    "UnitName": "",
    "FormatType": null,
    "IsFrozen": false,
    "ColumnWidth": "110px",
    "DecPlaces":5,
    "MeanAll":false,
    "SDAll":false,
    "MeanAccept":false,
    "SDAccept":false,
    "EnumName": "ASAStatusEnum"
  },
  {
    "Order": 8,
    "FriendlyName": "Gx (OSS) (%)",
    "Visible": false,
    "Variable": "gx",
    "UnitName": "",
    "FormatType": null,
    "IsFrozen": false,
    "ColumnWidth": "105px",
    "DecPlaces":5,
    "MeanAll":false,
    "SDAll":false,
    "MeanAccept":false,
    "SDAccept":false,
    "EnumName": "ASAStatusEnum"
  },
  {
    "Order": 9,
    "FriendlyName": "Gy (OSS) (g)",
    "Visible": false,
    "Variable": "gy",
    "UnitName": "",
    "FormatType": null,
    "IsFrozen": false,
    "ColumnWidth": "105px",
    "DecPlaces":5,
    "MeanAll":false,
    "SDAll":false,
    "MeanAccept":false,
    "SDAccept":false,
    "EnumName": "ASAStatusEnum"
  },
  {
    "Order": 9,
    "FriendlyName": "Gz (OSS) (g)",
    "Visible": false,
    "Variable": "gz",
    "UnitName": "",
    "FormatType": null,
    "IsFrozen": false,
    "ColumnWidth": "105px",
    "DecPlaces":5,
    "MeanAll":false,
    "SDAll":false,
    "MeanAccept":false,
    "SDAccept":false,
    "EnumName": "ASAStatusEnum"
  },
  {
    "Order": 10,
    "FriendlyName": "Inc(OSS) (°)",
    "Visible": false,
    "Variable": "inc",
    "UnitName": "",
    "FormatType": null,
    "IsFrozen": false,
    "ColumnWidth": "105px",
    "DecPlaces":2,
    "MeanAll":false,
    "SDAll":false,
    "MeanAccept":false,
    "SDAccept":false,
    "EnumName": "ASAStatusEnum"
  },
  {
    "Order": 11,
    "FriendlyName": "HS (OSS) (g)",
    "Visible": false,
    "Variable": "hsd",
    "UnitName": "",
    "FormatType": null,
    "IsFrozen": false,
    "ColumnWidth": "105px",
    "DecPlaces":2,
    "MeanAll":false,
    "SDAll":false,
    "MeanAccept":false,
    "SDAccept":false,
    "EnumName": "ASAStatusEnum"
  },
  {
    "Order": 11,
    "FriendlyName": "GT (OSS) (g)",
    "Visible": false,
    "Variable": "gt",
    "ColorVariable":"gtStatus",
    "ColorCode":"bg-gtStatus",
    "UnitName": "",
    "FormatType": null,
    "IsFrozen": false,
    "ColumnWidth": "105px",
    "DecPlaces":6,
    "MeanAll":true,
    "SDAll":true,
    "MeanAccept":false,
    "SDAccept":false,
    "EnumName": "ASAStatusEnum"
  }
  
]
