[
  {
    "Order": 0,
    "FriendlyName": "MSA State",
    "Visible": true,
    "Variable": "msaState",
    "UnitName": "",
    "FormatType": null,
    "IsFrozen": true,
    "ColumnWidth": "100px",
    "DecPlaces":1,
    "MeanAll":false,
    "SDAll":false,
    "MeanAccept":false,
    "SDAccept":false,
    "EnumName": "surveyStatusEnum"
  },
  {
    "Order": 1,
    "FriendlyName": "Depth (ft)",
    "Visible": true,
    "Variable": "depth",
    "UnitName": "",
    "FormatType": null,
    "IsFrozen": true,
    "ColumnWidth": "80px",
    "DecPlaces":2,
    "MeanAll":false,
    "SDAll":false,
    "MeanAccept":false,
    "SDAccept":false,
    "EnumName": "ASAStatusEnum"
  },
  {
    "Order": 3,
    "FriendlyName": "dGx (SFE) (g)",
    "Visible": false,
    "Variable": "dGx",
    "ColorVariable":"dGxStatus",
    "ColorCode":"bg-yellow",
    "UnitName": "",
    "FormatType": null,
    "IsFrozen": false,
    "ColumnWidth": "110px",
    "DecPlaces":5,
    "MeanAll":true,
    "SDAll":true,
    "MeanAccept":true,
    "SDAccept":true,
    "EnumName": "ASAStatusEnum"
  },
  {
    "Order": 4,
    "FriendlyName": "dGy (SFE) (g)",
    "Visible": false,
    "Variable": "dGy",
    "ColorVariable":"dGyStatus",
    "ColorCode":"bg-yellow",
    "UnitName": "",
    "FormatType": null,
    "IsFrozen": false,
    "ColumnWidth": "110px",
    "DecPlaces":5,
    "MeanAll":true,
    "SDAll":true,
    "MeanAccept":true,
    "SDAccept":true,
    "EnumName": "ASAStatusEnum"
  },
  {
    "Order": 5,
    "FriendlyName": "dGz (SFE) (g)",
    "Visible": false,
    "Variable": "dGz",
    "ColorVariable":"dGzStatus",
    "ColorCode":"bg-yellow",
    "UnitName": "",
    "FormatType": null,
    "IsFrozen": false,
    "ColumnWidth": "110px",
    "DecPlaces":4,
    "MeanAll":true,
    "SDAll":true,
    "MeanAccept":true,
    "SDAccept":true,
    "EnumName": "ASAStatusEnum"
  },
  {
    "Order": 6,
    "FriendlyName": "sGx (SFE) %",
    "Visible": false,
    "Variable": "sGx",
    "ColorVariable":"sGxStatus",
    "ColorCode":"bg-yellow",
    "UnitName": "",
    "FormatType": null,
    "IsFrozen": false,
    "ColumnWidth": "95px",
    "DecPlaces":4,
    "MeanAll":true,
    "SDAll":true,
    "MeanAccept":true,
    "SDAccept":true,
    "EnumName": "ASAStatusEnum"
  },
  {
    "Order": 7,
    "FriendlyName": "sGy (SFE) %",
    "Visible": false,
    "Variable": "sGy",
    "ColorVariable":"sGyStatus",
    "ColorCode":"bg-yellow",
    "UnitName": "",
    "FormatType": null,
    "IsFrozen": false,
    "ColumnWidth": "95px",
    "DecPlaces":4,
    "MeanAll":true,
    "SDAll":true,
    "MeanAccept":true,
    "SDAccept":true,
    "EnumName": "ASAStatusEnum"
  },
  {
    "Order": 8,
    "FriendlyName": "dGxAcc (SFE) (g)",
    "Visible": false,
    "Variable": "dGxAcc",
    "ColorVariable":"dGxAccStatus",
    "ColorCode":"bg-yellow",
    "UnitName": "",
    "FormatType": null,
    "IsFrozen": false,
    "ColumnWidth": "125px",
    "DecPlaces":5,
    "MeanAll":false,
    "SDAll":false,
    "MeanAccept":false,
    "SDAccept":false,
    "EnumName": "ASAStatusEnum"
  },
  {
    "Order": 9,
    "FriendlyName": "dGyAcc (SFE) (g)",
    "Visible": false,
    "Variable": "dGyAcc",
    "ColorVariable":"dGyAccStatus",
    "ColorCode":"bg-yellow",
    "UnitName": "",
    "FormatType": null,
    "IsFrozen": false,
    "ColumnWidth": "125px",
    "DecPlaces":5,
    "MeanAll":false,
    "SDAll":false,
    "MeanAccept":false,
    "SDAccept":false,
    "EnumName": "ASAStatusEnum"
  },
  {
    "Order": 10,
    "FriendlyName": "dGzAcc (SFE) (g)",
    "Visible": false,
    "Variable": "dGzAcc",
    "ColorVariable":"dGzAccStatus",
    "ColorCode":"bg-yellow",
    "UnitName": "",
    "FormatType": null,
    "IsFrozen": false,
    "ColumnWidth": "125px",
    "DecPlaces":5,
    "MeanAll":false,
    "SDAll":false,
    "MeanAccept":false,
    "SDAccept":false,
    "EnumName": "ASAStatusEnum"
  },
  {
    "Order": 11,
    "FriendlyName": "sGxAcc (SFE) (%)",
    "Visible": false,
    "Variable": "sGxAcc",
    "ColorVariable":"sGxAccStatus",
    "ColorCode":"bg-yellow",
    "UnitName": "",
    "FormatType": null,
    "IsFrozen": false,
    "ColumnWidth": "125px",
    "DecPlaces":4,
    "MeanAll":false,
    "SDAll":false,
    "MeanAccept":false,
    "SDAccept":false,
    "EnumName": "ASAStatusEnum"
  },
  {
    "Order": 12,
    "FriendlyName": "sGyAcc (SFE) (%)",
    "Visible": false,
    "Variable": "sGyAcc",
    "ColorVariable":"sGyAccStatus",
    "ColorCode":"bg-yellow",
    "UnitName": "",
    "FormatType": null,
    "IsFrozen": false,
    "ColumnWidth": "125px",
    "DecPlaces":4,
    "MeanAll":false,
    "SDAll":false,
    "MeanAccept":false,
    "SDAccept":false,
    "EnumName": "ASAStatusEnum"
  },
  {
    "Order": 13,
    "FriendlyName": "gx (SFE) (g)",
    "Visible": false,
    "Variable": "gx",
    "UnitName": "",
    "FormatType": null,
    "IsFrozen": false,
    "ColumnWidth": "95px",
    "DecPlaces":5,
    "MeanAll":false,
    "SDAll":false,
    "MeanAccept":false,
    "SDAccept":false,
    "EnumName": "ASAStatusEnum"
  },
  {
    "Order": 14,
    "FriendlyName": "Gy (SFE) (g)",
    "Visible": false,
    "Variable": "gy",
    "UnitName": "",
    "FormatType": null,
    "IsFrozen": false,
    "ColumnWidth": "95px",
    "DecPlaces":5,
    "MeanAll":false,
    "SDAll":false,
    "MeanAccept":false,
    "SDAccept":false,
    "EnumName": "ASAStatusEnum"
  },
  {
    "Order": 15,
    "FriendlyName": "Gy (SFE) (g)",
    "Visible": false,
    "Variable": "gz",
    "UnitName": "",
    "FormatType": null,
    "IsFrozen": false,
    "ColumnWidth": "95px",
    "DecPlaces":5,
    "MeanAll":false,
    "SDAll":false,
    "MeanAccept":false,
    "SDAccept":false,
    "EnumName": "ASAStatusEnum"
  },
  {
    "Order": 16,
    "FriendlyName": "Inc (SFE) (°)",
    "Visible": false,
    "Variable": "inc",
    "UnitName": "",
    "FormatType": null,
    "IsFrozen": false,
    "ColumnWidth": "95px",
    "DecPlaces":2,
    "MeanAll":false,
    "SDAll":false,
    "MeanAccept":false,
    "SDAccept":false,
    "EnumName": "ASAStatusEnum"
  },
  {
    "Order": 17,
    "FriendlyName": "HS (SFE) (g)",
    "Visible": false,
    "Variable": "hsd",
    "UnitName": "",
    "FormatType": null,
    "IsFrozen": false,
    "ColumnWidth": "95px",
    "DecPlaces":2,
    "MeanAll":false,
    "SDAll":false,
    "MeanAccept":false,
    "SDAccept":false,
    "EnumName": "ASAStatusEnum"
  },
  {
    "Order": 18,
    "FriendlyName": "GT (SFE) (g)",
    "Visible": false,
    "Variable": "gt",
    "ColorVariable":"gtStatus",
    "ColorCode":"bg-gtStatus",
    "UnitName": "",
    "FormatType": null,
    "IsFrozen": false,
    "ColumnWidth": "95px",
    "DecPlaces":6,
    "MeanAll":true,
    "SDAll":true,
    "MeanAccept":false,
    "SDAccept":false,
    "EnumName": "ASAStatusEnum"
  },
  {
    "Order": 19,
    "FriendlyName": "dGx (SFE+) (g)",
    "Visible": false,
    "Variable": "dGxMax",
    "lastColColorCode":"last-col-bg",
    "UnitName": "",
    "FormatType": null,
    "IsFrozen": false,
    "ColumnWidth": "110px",
    "DecPlaces":5,
    "MeanAll":false,
    "SDAll":false,
    "MeanAccept":false,
    "SDAccept":false,
    "EnumName": "ASAStatusEnum"
  },
  {
    "Order": 20,
    "FriendlyName": "dGx (SFE-) (g)",
    "Visible": false,
    "Variable": "dGxMin",
    "lastColColorCode":"last-col-bg",
    "UnitName": "",
    "FormatType": null,
    "IsFrozen": false,
    "ColumnWidth": "105px",
    "DecPlaces":5,
    "MeanAll":false,
    "SDAll":false,
    "MeanAccept":false,
    "SDAccept":false,
    "EnumName": "ASAStatusEnum"
  },
  {
    "Order": 21,
    "FriendlyName": "dGy (SFE+) (g)",
    "Visible": false,
    "Variable": "dGyMax",
    "lastColColorCode":"last-col-bg",
    "UnitName": "",
    "FormatType": null,
    "IsFrozen": false,
    "ColumnWidth": "110px",
    "DecPlaces":5,
    "MeanAll":false,
    "SDAll":false,
    "MeanAccept":false,
    "SDAccept":false,
    "EnumName": "ASAStatusEnum"
  },
  {
    "Order": 22,
    "FriendlyName": "dGy (SFE-) (g)",
    "Visible": false,
    "Variable": "dGyMin",
    "lastColColorCode":"last-col-bg",
    "UnitName": "",
    "FormatType": null,
    "IsFrozen": false,
    "ColumnWidth": "105px",
    "DecPlaces":5,
    "MeanAll":false,
    "SDAll":false,
    "MeanAccept":false,
    "SDAccept":false,
    "EnumName": "ASAStatusEnum"
  },
  {
    "Order": 23,
    "FriendlyName": "sGx (SFE+) (%)",
    "Visible": false,
    "Variable": "sGxMax",
    "lastColColorCode":"last-col-bg",
    "UnitName": "",
    "FormatType": null,
    "IsFrozen": false,
    "ColumnWidth": "120px",
    "DecPlaces":4,
    "MeanAll":false,
    "SDAll":false,
    "MeanAccept":false,
    "SDAccept":false,
    "EnumName": "ASAStatusEnum"
  },
  {
    "Order": 24,
    "FriendlyName": "sGx (SFE-) (%)",
    "Visible": false,
    "Variable": "sGxMin",
    "lastColColorCode":"last-col-bg",
    "UnitName": "",
    "FormatType": null,
    "IsFrozen": false,
    "ColumnWidth": "120px",
    "DecPlaces":4,
    "MeanAll":false,
    "SDAll":false,
    "MeanAccept":false,
    "SDAccept":false,
    "EnumName": "ASAStatusEnum"
  },
  {
    "Order": 25,
    "FriendlyName": "sGy (SFE+) (%)",
    "Visible": false,
    "Variable": "sGyMax",
    "lastColColorCode":"last-col-bg",
    "UnitName": "",
    "FormatType": null,
    "IsFrozen": false,
    "ColumnWidth": "120px",
    "DecPlaces":4,
    "MeanAll":false,
    "SDAll":false,
    "MeanAccept":false,
    "SDAccept":false,
    "EnumName": "ASAStatusEnum"
  },
  {
    "Order": 26,
    "FriendlyName": "sGy (SFE-) (%)",
    "Visible": false,
    "Variable": "sGyMin",
    "lastColColorCode":"last-col-bg",
    "UnitName": "",
    "FormatType": null,
    "IsFrozen": false,
    "ColumnWidth": "120px",
    "DecPlaces":4,
    "MeanAll":false,
    "SDAll":false,
    "MeanAccept":false,
    "SDAccept":false,
    "EnumName": "ASAStatusEnum"
  }
]
