[
  {
    "Order": 0,
    "FriendlyName": "MSA State",
    "Visible": true,
    "Variable": "MsaState",
    "UnitName": "",
    "FormatType": null,
    "IsFrozen": true,
    "MeanAll":false,
    "SDAll":false,
    "MeanAccept":false,
    "SDAccept":false,
    "ColumnWidth": "100px"
  },
  {
    "Order": 1,
    "FriendlyName": "Depth (ft)",
    "Visible": true,
    "Variable": "depth",
    "UnitName": "",
    "FormatType": null,
    "IsFrozen": true,
    "DecPlaces":2,
    "MeanAll":false,
    "SDAll":false,
    "MeanAccept":false,
    "SDAccept":false,
    "ColumnWidth": "80px"
  },
  {
    "Order": 3,
    "FriendlyName": "Gx (g)",
    "Visible": false,
    "Variable": "gx",
    "UnitName": "",
    "FormatType": null,
    "IsFrozen": false,
    "DecPlaces":5,
    "MeanAll":false,
    "SDAll":false,
    "MeanAccept":false,
    "SDAccept":false,
    "ColumnWidth": "80px"
  },
  {
    "Order": 4,
    "FriendlyName": "Gy (g)",
    "Visible": false,
    "Variable": "gy",
    "UnitName": "",
    "FormatType": null,
    "IsFrozen": false,
    "DecPlaces":5,
    "MeanAll":false,
    "SDAll":false,
    "MeanAccept":false,
    "SDAccept":false,
    "ColumnWidth": "80px"
  },
  {
    "Order": 5,
    "FriendlyName": "Gz (g)",
    "Visible": false,
    "Variable": "gz",
    "UnitName": "",
    "FormatType": null,
    "IsFrozen": false,
    "DecPlaces":5,
    "MeanAll":false,
    "SDAll":false,
    "MeanAccept":false,
    "SDAccept":false,
    "ColumnWidth": "80px"
  },
  {
    "Order": 6,
    "FriendlyName": "Ge (Raw) (g)",
    "Visible": false,
    "Variable": "gte",
    "UnitName": "",
    "FormatType": null,
    "IsFrozen": false,
    "DecPlaces":6,
    "MeanAll":false,
    "SDAll":false,
    "MeanAccept":false,
    "SDAccept":false,
    "ColumnWidth": "100px"
  },
  {
    "Order": 7,
    "FriendlyName": "Inc (Raw) (°)",
    "Visible": false,
    "Variable": "inc",
    "UnitName": "",
    "FormatType": null,
    "IsFrozen": false,
    "DecPlaces":2,
    "MeanAll":false,
    "SDAll":false,
    "MeanAccept":false,
    "SDAccept":false,
    "ColumnWidth": "100px"
  },
  {
    "Order": 8,
    "FriendlyName": "HS (Raw) (g)",
    "Visible": false,
    "Variable": "hsd",
    "UnitName": "",
    "FormatType": null,
    "IsFrozen": false,
    "DecPlaces":2,
    "MeanAll":false,
    "SDAll":false,
    "MeanAccept":false,
    "SDAccept":false,
    "ColumnWidth": "100px"
  },
  {
    "Order": 9,
    "FriendlyName": "HS Spread (g)",
    "Visible": false,
    "Variable": "hsdSpread",
    "ColorVariable":"hsdSpreadStatus",
    "ColorCode":"bg-hsSpread",
    "UnitName": "",
    "FormatType": null,
    "IsFrozen": false,
    "DecPlaces":3,
    "MeanAll":false,
    "SDAll":false,
    "MeanAccept":false,
    "SDAccept":false,
    "ColumnWidth": "110px"
  },
  {
    "Order": 10,
    "FriendlyName": "GT Raw (g)",
    "Visible": false,
    "Variable": "gtm",
    "ColorVariable":"gtStatus",
    "ColorCode":"bg-gtStatus",
    "UnitName": "",
    "FormatType": null,
    "IsFrozen": false,
    "DecPlaces":6,
    "MeanAll":true,
    "SDAll":true,
    "MeanAccept":false,
    "SDAccept":false,
    "ColumnWidth": "90px"
  },
  {
    "Order": 11,
    "FriendlyName": "Gxy Inc (Raw) (°)",
    "Visible": false,
    "Variable": "gxyInc",
    "UnitName": "",
    "FormatType": null,
    "IsFrozen": false,
    "DecPlaces":2,
    "MeanAll":false,
    "SDAll":false,
    "MeanAccept":false,
    "SDAccept":false,
    "ColumnWidth": "125px"
  },
  {
    "Order": 11,
    "FriendlyName": "Gz Inc (Raw) (°)",
    "Visible": false,
    "Variable": "gzInc",
    "UnitName": "",
    "FormatType": null,
    "IsFrozen": false,
    "DecPlaces":2,
    "MeanAll":false,
    "SDAll":false,
    "MeanAccept":false,
    "SDAccept":false,
    "ColumnWidth": "115px"
  }
]
