[
  {
    "Order": 0,
    "FriendlyName": "MSA State",
    "Visible": true,
    "Variable": "mSAState",
    "UnitName": "",
    "FormatType": null,
    "IsFrozen": true,
    "ColumnWidth": "100px",
    "DecPlaces":1,
    "MeanAll":false,
    "SDAll":false,
    "MeanAccept":false,
    "SDAccept":false,
    "EnumName": "surveyStatusEnum"
  },
  {
    "Order": 1,
    "FriendlyName": "Depth (ft)",
    "Visible": true,
    "Variable": "depth",
    "UnitName": "",
    "FormatType": null,
    "IsFrozen": true,
    "ColumnWidth": "80px",
    "DecPlaces":2,
    "MeanAll":false,
    "SDAll":false,
    "MeanAccept":false,
    "SDAccept":false,
    "EnumName": "ASAStatusEnum"
  },
  {
    "Order": 3,
    "FriendlyName": "dGx (Trans) (g)",
    "Visible": false,
    "Variable": "dGx",
    "ColorVariable":"dGxStatus",
    "ColorCode":"bg-yellow",
    "UnitName": "",
    "FormatType": null,
    "IsFrozen": false,
    "ColumnWidth": "115px",
    "DecPlaces":5,
    "MeanAll":true,
    "SDAll":true,
    "MeanAccept":true,
    "SDAccept":true,
    "EnumName": "ASAStatusEnum"
  },
  {
    "Order": 4,
    "FriendlyName": "dGy (Trans) (g)",
    "Visible": false,
    "Variable": "dGy",
    "ColorVariable":"dGyStatus",
    "ColorCode":"bg-yellow",
    "UnitName": "",
    "FormatType": null,
    "IsFrozen": false,
    "ColumnWidth": "115px",
    "DecPlaces":5,
    "MeanAll":true,
    "SDAll":true,
    "MeanAccept":true,
    "SDAccept":true,
    "EnumName": "ASAStatusEnum"
  },
  {
    "Order": 5,
    "FriendlyName": "K (Trans) (g)",
    "Visible": false,
    "Variable": "k",
    "ColorVariable":"kStatus",
    "ColorCode":"bg-yellow",
    "UnitName": "",
    "FormatType": null,
    "IsFrozen": false,
    "ColumnWidth": "95px",
    "DecPlaces":5,
    "MeanAll":true,
    "SDAll":true,
    "MeanAccept":false,
    "SDAccept":false,
    "EnumName": "ASAStatusEnum"
  },
  {
    "Order": 6,
    "FriendlyName": "dGxAcc (Trans) (g)",
    "Visible": false,
    "Variable": "dGxAcc",
    "ColorVariable":"dGxAccStatus",
    "ColorCode":"bg-yellow",
    "UnitName": "",
    "FormatType": null,
    "IsFrozen": false,
    "ColumnWidth": "130px",
    "DecPlaces":5,
    "MeanAll":false,
    "SDAll":false,
    "MeanAccept":false,
    "SDAccept":false,
    "EnumName": "ASAStatusEnum"
  },
  {
    "Order": 7,
    "FriendlyName": "dGyAcc (Trans) (g)",
    "Visible": false,
    "Variable": "dGyAcc",
    "ColorVariable":"dGyAccStatus",
    "ColorCode":"bg-yellow",
    "UnitName": "",
    "FormatType": null,
    "IsFrozen": false,
    "ColumnWidth": "130px",
    "DecPlaces":5,
    "MeanAll":false,
    "SDAll":false,
    "MeanAccept":false,
    "SDAccept":false,
    "EnumName": "ASAStatusEnum"
  },
  {
    "Order": 8,
    "FriendlyName": "KAcc (Trans) (g)",
    "Visible": false,
    "Variable": "kAcc",
    "ColorVariable":"kAccStatus",
    "ColorCode":"bg-yellow",
    "UnitName": "",
    "FormatType": null,
    "IsFrozen": false,
    "ColumnWidth": "125px",
    "DecPlaces":5,
    "MeanAll":false,
    "SDAll":false,
    "MeanAccept":false,
    "SDAccept":false,
    "EnumName": "ASAStatusEnum"
  },
  {
    "Order": 9,
    "FriendlyName": "Gx (Trans) (g)",
    "Visible": false,
    "Variable": "gx",
    "UnitName": "",
    "FormatType": null,
    "IsFrozen": false,
    "ColumnWidth": "105px",
    "DecPlaces":5,
    "MeanAll":false,
    "SDAll":false,
    "MeanAccept":false,
    "SDAccept":false,
    "EnumName": "ASAStatusEnum"
  },
  {
    "Order": 9,
    "FriendlyName": "Gy (Trans) (g)",
    "Visible": false,
    "Variable": "gy",
    "UnitName": "",
    "FormatType": null,
    "IsFrozen": false,
    "ColumnWidth": "105px",
    "DecPlaces":5,
    "MeanAll":false,
    "SDAll":false,
    "MeanAccept":false,
    "SDAccept":false,
    "EnumName": "ASAStatusEnum"
  },
  {
    "Order": 10,
    "FriendlyName": "Gz (Trans) (g)",
    "Visible": false,
    "Variable": "gz",
    "UnitName": "",
    "FormatType": null,
    "IsFrozen": false,
    "ColumnWidth": "105px",
    "DecPlaces":5,
    "MeanAll":false,
    "SDAll":false,
    "MeanAccept":false,
    "SDAccept":false,
    "EnumName": "ASAStatusEnum"
  },
  {
    "Order": 11,
    "FriendlyName": "Inc Trans (°)",
    "Visible": false,
    "Variable": "inc",
    "UnitName": "",
    "FormatType": null,
    "IsFrozen": false,
    "ColumnWidth": "95px",
    "DecPlaces":2,
    "MeanAll":false,
    "SDAll":false,
    "MeanAccept":false,
    "SDAccept":false,
    "EnumName": "ASAStatusEnum"
  },
  {
    "Order": 12,
    "FriendlyName": "HS (Trans) (g)",
    "Visible": false,
    "Variable": "hsd",
    "UnitName": "",
    "FormatType": null,
    "IsFrozen": false,
    "ColumnWidth": "105px",
    "DecPlaces":2,
    "MeanAll":false,
    "SDAll":false,
    "MeanAccept":false,
    "SDAccept":false,
    "EnumName": "ASAStatusEnum"
  },
  {
    "Order": 13,
    "FriendlyName": "GT (Trans) (g)",
    "Visible": false,
    "Variable": "gt",
    "ColorVariable":"gtStatus",
    "ColorCode":"bg-gtStatus",
    "UnitName": "",
    "FormatType": null,
    "IsFrozen": false,
    "ColumnWidth": "105px",
    "DecPlaces":6,
    "MeanAll":true,
    "SDAll":true,
    "MeanAccept":false,
    "SDAccept":false,
    "EnumName": "ASAStatusEnum"
  },
  {
    "Order": 14,
    "FriendlyName": "dGx (Trans+) (g)",
    "Visible": false,
    "Variable": "dGxMax",
    "lastColColorCode":"last-col-bg",
    "UnitName": "",
    "FormatType": null,
    "IsFrozen": false,
    "ColumnWidth": "125px",
    "DecPlaces":5,
    "MeanAll":false,
    "SDAll":false,
    "MeanAccept":false,
    "SDAccept":false,
    "EnumName": "ASAStatusEnum"
  },
  {
    "Order": 15,
    "FriendlyName": "dGx (Trans-) (g)",
    "Visible": false,
    "Variable": "dGxMin",
    "lastColColorCode":"last-col-bg",
    "UnitName": "",
    "FormatType": null,
    "IsFrozen": false,
    "ColumnWidth": "125px",
    "DecPlaces":5,
    "MeanAll":false,
    "SDAll":false,
    "MeanAccept":false,
    "SDAccept":false,
    "EnumName": "ASAStatusEnum"
  },
  {
    "Order": 16,
    "FriendlyName": "dGy (Trans+) (g)",
    "Visible": false,
    "Variable": "dGyMax",
    "lastColColorCode":"last-col-bg",
    "UnitName": "",
    "FormatType": null,
    "IsFrozen": false,
    "ColumnWidth": "125px",
    "DecPlaces":5,
    "MeanAll":false,
    "SDAll":false,
    "MeanAccept":false,
    "SDAccept":false,
    "EnumName": "ASAStatusEnum"
  },
  {
    "Order": 17,
    "FriendlyName": "dGy (Trans-) (g)",
    "Visible": false,
    "Variable": "dGyMin",
    "lastColColorCode":"last-col-bg",
    "UnitName": "",
    "FormatType": null,
    "IsFrozen": false,
    "ColumnWidth": "125px",
    "DecPlaces":5,
    "MeanAll":false,
    "SDAll":false,
    "MeanAccept":false,
    "SDAccept":false,
    "EnumName": "ASAStatusEnum"
  }
]
