{
  "1": {
    "xAxisName": "Hsg (°)",
    "yAxisName": "Gt (g)",
    "data": [
      {
        "id": 1,
        "name": "Gt (Raw)",
        "key": "RawDatas",
        "type": "scatter",
        "color":"#FF0000",
        "xAxisVariable": "hsd",
        "yAxisVariable": "gtm",
        "symbol": "diamond",
        "symbolSize": 10,
        "smooth":true,
        "convertData": false
      },
      {
        "id": 2,
        "name": "Sin (Gt) (Raw)",
        "key": "RawDatas",
        "type": "line",
        "color":"#FF0000",
        "xAxisVariable": "hsd",
        "yAxisVariable": "gtm",
        "symbol": "",
        "symbolSize": 10,
        "lineType": "solid",
        "smooth":true,
        "convertData": true
      },
      {
        "id": 3,
        "name": "Gt (TFC)",
        "key": "TfcDatas",
        "type": "scatter",
        "color":"#0099ff",
        "xAxisVariable": "hsd",
        "yAxisVariable": "gt",
        "symbol": "triangle",
        "symbolSize": 10,
        "smooth":true,
        "convertData": false
      },
      {
        "id": 4,
        "name": "Sin (Gt) (TFC)",
        "key": "TfcDatas",
        "type": "line",
        "color":"#0099ff",
        "xAxisVariable": "hsd",
        "yAxisVariable": "gt",
        "symbol": "",
        "symbolSize": 10,
        "lineType": "solid",
        "smooth":true,
        "convertData": true
      },
      {
        "id": 5,
        "name": "Gt (Trans)",
        "key": "TxyDatas",
        "type": "scatter",
        "color":"#66ff66",
        "xAxisVariable": "hsd",
        "yAxisVariable": "gt",
        "symbol": "pin",
        "symbolSize": 10,
        "smooth":true,
        "convertData": false
      },
      {
        "id": 6,
        "name": "Sin (Gt) (Trans)",
        "key": "TxyDatas",
        "type": "line",
        "color":"#66ff66",
        "xAxisVariable": "hsd",
        "yAxisVariable": "gt",
        "symbol": "cirlce",
        "symbolSize": 10,
        "lineType": "solid",
        "smooth":true,
        "convertData": true
      },
      {
        "id": 7,
        "name": "Gt (SFE)",
        "key": "SfeDatas",
        "type": "scatter",
        "color":"#cc33ff",
        "xAxisVariable": "hsd",
        "yAxisVariable": "gt",
        "symbol": "arrow",
        "symbolSize": 10,
        "smooth":true,
        "convertData": false
      },
      {
        "id": 8,
        "name": "Sin Gt (SFE)",
        "key": "SfeDatas",
        "type": "line",
        "color":"#cc33ff",
        "xAxisVariable": "hsd",
        "yAxisVariable": "gt",
        "symbolSize": 10,
        "lineType": "solid",
        "smooth":true,
        "convertData": true
      },
      {
        "id": 9,
        "name": "Gt (OSS)",
        "key": "DiyDatas",
        "type": "scatter",
        "color": "#ffbf00",
        "xAxisVariable": "hsd",
        "yAxisVariable": "gt",
        "symbol": "circle",
        "symbolSize": 10,
        "smooth":true,
        "convertData": false
      },
      {
        "id": 10,
        "name": "Sin Gt (OSS)",
        "key": "DiyDatas",
        "type": "line",
        "color": "#ffbf00",
        "smoothLine": true,
        "xAxisVariable": "hsd",
        "yAxisVariable": "gt",
        "symbolSize": 10,
        "lineType": "solid",
        "smooth":true,
        "convertData": true
      }
    ]
  },
  "2": {
    "xAxisName": "Measured Depth (ft)",
    "yAxisName": "dGx (milliG)",
    "data": [
      {
        "id": 1,
        "name": "dGx (TFC)",
        "key": "TfcDatas",
        "type": "line",
        "color":"#0099ff",
        "smoothLine": true,
        "xAxisVariable": "depth",
        "yAxisVariable": "dGx",
        "smooth":true,
        "lineType": "solid",
        "symbol": "triangle",
        "symbolSize": 10,
        "convertData": false
      },
      {
        "id": 2,
        "name": "dGx (TFC-)",
        "key": "TfcDatas",
        "type": "line",
        "color":"#0099ff",
        "smoothLine": true,
        "xAxisVariable": "depth",
        "yAxisVariable": "dGxMin",
        "smooth":true,
        "lineType": "dashed",
        "symbol": "circle",
        "symbolSize": 10,
        "convertData": false
      },
      {
        "id": 3,
        "name": "dGx (TFC+)",
        "key": "TfcDatas",
        "type": "line",
        "color":"#0099ff",
        "smoothLine": true,
        "xAxisVariable": "depth",
        "yAxisVariable": "dGxMax",
        "smooth":true,
        "lineType": "dashed",
        "symbol": "circle",
        "symbolSize": 10,
        "convertData": false
      },
      {
        "id": 4,
        "name": "dGx (Trans)",
        "key": "TxyDatas",
        "type": "line",
        "color":"#66ff66",
        "smoothLine": true,
        "xAxisVariable": "depth",
        "yAxisVariable": "dGx",
        "smooth":true,
        "lineType": "solid",
        "symbol": "pin",
        "symbolSize": 10,
        "convertData": false
      },
      {
        "id": 5,
        "name": "dGx (Trans-)",
        "key": "TxyDatas",
        "type": "line",
        "color":"#66ff66",
        "smoothLine": true,
        "xAxisVariable": "depth",
        "yAxisVariable": "dGxMin",
        "smooth":true,
        "lineType": "dashed",
        "symbol": "pin",
        "symbolSize": 10,
        "convertData": false
      },
      {
        "id": 6,
        "name": "dGx (Trans+)",
        "key": "TxyDatas",
        "type": "line",
        "color":"#66ff66",
        "smoothLine": true,
        "xAxisVariable": "depth",
        "yAxisVariable": "dGxMax",
        "smooth":true,
        "symbol": "pin",
        "symbolSize": 10,
        "lineType": "dashed",
        "convertData": false
      }
    ]
  },
  "3": {
    "xAxisName": "Measured Depth (ft)",
    "yAxisName": "dGx (milliG)",
    "data": [
      {
        "id": 1,
        "name": "dGy (TFC)",
        "key": "TfcDatas",
        "type": "line",
        "color":"#0099ff",
        "smoothLine": true,
        "xAxisVariable": "depth",
        "yAxisVariable": "dGy",
        "smooth":true,
        "lineType": "solid",
        "symbol": "triangle",
        "symbolSize": 10,
        "convertData": false
      },
      {
        "id": 2,
        "name": "dGy (TFC-)",
        "key": "TfcDatas",
        "type": "line",
        "color":"#0099ff",
        "smoothLine": true,
        "xAxisVariable": "depth",
        "yAxisVariable": "dGyMin",
        "smooth":true,
        "lineType": "dashed",
        "symbol": "circle",
        "symbolSize": 10,
        "convertData": false
      },
      {
        "id": 3,
        "name": "dGy (TFC+)",
        "key": "TfcDatas",
        "type": "line",
        "color":"#0099ff",
        "smoothLine": true,
        "xAxisVariable": "depth",
        "yAxisVariable": "dGyMax",
        "smooth":true,
        "lineType": "dashed",
        "symbol": "circle",
        "symbolSize": 10,
        "convertData": false
      },
      {
        "id": 4,
        "name": "dGy (Trans)",
        "key": "TxyDatas",
        "type": "line",
        "color":"#66ff66",
        "smoothLine": true,
        "xAxisVariable": "depth",
        "yAxisVariable": "dGy",
        "lineType": "solid",
        "symbol": "pin",
        "symbolSize": 10,
        "convertData": false
      },
      {
        "id": 5,
        "name": "dGy (Trans-)",
        "key": "TxyDatas",
        "type": "line",
        "color":"#66ff66",
        "smoothLine": true,
        "xAxisVariable": "depth",
        "yAxisVariable": "dGyMin",
        "smooth":true,
        "lineType": "dashed",
        "symbol": "pin",
        "symbolSize": 10,
        "convertData": false
      },
      {
        "id": 6,
        "name": "dGy (Trans+)",
        "key": "TxyDatas",
        "type": "line",
        "color":"#66ff66",
        "smoothLine": true,
        "xAxisVariable": "depth",
        "yAxisVariable": "dGyMax",
        "smooth":true,
        "lineType": "dashed",
        "symbol": "pin",
        "symbolSize": 10,
        "convertData": false
      }
    ]
  },
  "4": {
    "xAxisName": "Measured Depth (ft)",
    "yAxisName": "dGz (milliG)",
    "data": [
      {
        "id": 1,
        "name": "Gt (Raw)",
        "key": "RawDatas",
        "type": "line",
        "color":"#66ff66",
        "xAxisVariable": "depth",
        "yAxisVariable": "gte",
        "smooth":true,
        "symbol": "diamond",
        "lineType": "solid",
        "symbolSize": 10,
        "convertData": false
      }
    ]
  },
  "5": {
    "xAxisName": "Measured Depth (ft)",
    "yAxisName": "Gt (g)",
    "data": [
      {
        "id": 1,
        "name": "Nom Gt",
        "key": "RawDatas",
        "type": "line",
        "color":"#FF0000",
        "xAxisVariable": "depth",
        "yAxisVariable": "",
        "smooth":true,
        "symbol": "",
        "lineType": "dashed",
        "symbolSize": 10,
        "convertData": false
      },
      {
        "id": 2,
        "name": "Gt (Raw)",
        "key": "RawDatas",
        "type": "line",
        "color":"#ffcc99",
        "xAxisVariable": "depth",
        "yAxisVariable": "gte",
        "smooth":true,
        "symbol": "diamond",
        "lineType": "solid",
        "symbolSize": 10,
        "convertData": false
      },
      {
        "id": 3,
        "name": "Gt (TFC)",
        "key": "TfcDatas",
        "type": "line",
        "color":"#0099ff",
        "xAxisVariable": "depth",
        "yAxisVariable": "gt",
        "smooth":true,
        "symbol": "triangle",
        "lineType": "solid",
        "symbolSize": 10,
        "convertData": false
      },
      {
        "id": 4,
        "name": "Gt (Trans)",
        "key": "TxyDatas",
        "type": "line",
        "color":"#66ff66",
        "xAxisVariable": "depth",
        "yAxisVariable": "gt",
        "smooth":true,
        "symbol": "pin",
        "lineType": "solid",
        "symbolSize": 10,
        "convertData": false
      },
      {
        "id": 5,
        "name": "Gt (SFE)",
        "key": "SfeDatas",
        "type": "line",
        "color":"#cc33ff",
        "xAxisVariable": "depth",
        "yAxisVariable": "gt",
        "smooth":true,
        "symbol": "arrow",
        "lineType": "solid",
        "symbolSize": 10,
        "convertData": false
      },
      {
        "id": 6,
        "name": "Gt (OSS)",
        "key": "DiyDatas",
        "type": "line",
        "color": "#ffbf00",
        "xAxisVariable": "depth",
        "yAxisVariable": "gt",
        "smooth":true,
        "symbol": "circle",
        "lineType": "solid",
        "symbolSize": 10,
        "convertData": false
      },
      {
        "id": 7,
        "name": "Nom Gt +QC",
        "key": "TfcDatas",
        "type": "line",
        "color":"#FF0000",
        "xAxisVariable": "depth",
        "yAxisVariable": "",
        "smooth":true,
        "symbol": "",
        "lineType": "dashed",
        "symbolSize": 10,
        "convertData": false
      },
      {
        "id": 8,
        "name": "Nom Gt -QC",
        "key": "TfcDatas",
        "type": "line",
        "color":"#FF0000",
        "xAxisVariable": "depth",
        "yAxisVariable": "",
        "smooth":true,
        "symbol": "",
        "lineType": "dashed",
        "symbolSize": 10,
        "convertData": false
      }
    ]
  },
  "6": {
    "xAxisName": "Measured Depth (ft)",
    "yAxisName": "Inclination (°)",
    "data": [
      {
        "id": 1,
        "name": "Inc (Raw)",
        "key": "RawDatas",
        "type": "line",
        "color":"#FF0000",
        "xAxisVariable": "depth",
        "yAxisVariable": "inc",
        "smooth":true,
        "symbol": "circle",
        "lineType": "solid",
        "symbolSize": 10,
        "convertData": false
      },
      {
        "id": 2,
        "name": "Gxy Inc (Raw)",
        "key": "RawDatas",
        "type": "line",
        "color": "#ffbf00",
        "xAxisVariable": "depth",
        "yAxisVariable": "gxyInc",
        "smooth":true,
        "symbol": "rect",
        "lineType": "solid",
        "symbolSize": 10,
        "convertData": false
      },
      {
        "id": 3,
        "name": "Gz Inc (Raw)",
        "key": "RawDatas",
        "type": "line",
        "color":"#66ff66",
        "xAxisVariable": "depth",
        "yAxisVariable": "gzInc",
        "smooth":true,
        "symbol": "diamond",
        "lineType": "solid",
        "symbolSize": 10,
        "convertData": false
      },
      {
        "id": 4,
        "name": "Inc (TFC)",
        "key": "TfcDatas",
        "type": "line",
        "color":"#0099ff",
        "xAxisVariable": "depth",
        "yAxisVariable": "inc",
        "smooth":true,
        "symbol": "triangle",
        "lineType": "solid",
        "symbolSize": 10,
        "convertData": false
      },
      {
        "id": 5,
        "name": "Inc (Trans)",
        "key": "TxyDatas",
        "type": "line",
        "color":"#66ff66",
        "xAxisVariable": "depth",
        "yAxisVariable": "inc",
        "smooth":true,
        "symbol": "pin",
        "lineType": "solid",
        "symbolSize": 10,
        "convertData": false
      },
      {
        "id": 6,
        "name": "Inc (SFE)",
        "key": "SfeDatas",
        "type": "line",
        "color":"#cc33ff",
        "xAxisVariable": "depth",
        "yAxisVariable": "inc",
        "smooth":true,
        "symbol": "arrow",
        "lineType": "solid",
        "symbolSize": 10,
        "convertData": false
      },
      {
        "id": 7,
        "name": "Inc (OSS)",
        "key": "DiyDatas",
        "type": "line",
        "color": "#ffbf00",
        "xAxisVariable": "depth",
        "yAxisVariable": "inc",
        "smooth":true,
        "symbol": "circle",
        "lineType": "solid",
        "symbolSize": 10,
        "convertData": false
      }
    ]
  }
}