[
  {
    "Order": 0,
    "FriendlyName": "MSA State",
    "Visible": true,
    "Variable": "msaState",
    "UnitName": "",
    "FormatType": null,
    "IsFrozen": false,
    "ColumnWidth": "140px",
    "DecPlaces":1,
    "MeanAll":false,
    "SDAll":false,
    "MeanAccept":false,
    "SDAccept":false,
    "EnumName": "surveyStatusEnum"
  },
  {
    "Order": 1,
    "FriendlyName": "Depth (ft)",
    "Visible": true,
    "Variable": "depth",
    "UnitName": "",
    "FormatType": null,
    "IsFrozen": false,
    "ColumnWidth": "80px",
    "DecPlaces":2,
    "MeanAll":false,
    "SDAll":false,
    "MeanAccept":false,
    "SDAccept":false,
    "EnumName": "ASAStatusEnum"
  },
  {
    "Order": 3,
    "FriendlyName": "dGx (TFC) (g)",
    "Visible": false,
    "Variable": "dGx",
    "UnitName": "",
    "FormatType": null,
    "IsFrozen": false,
    "ColumnWidth": "103px",
    "DecPlaces":5,
    "MeanAll":true,
    "SDAll":true,
    "MeanAccept":true,
    "SDAccept":true,
    "EnumName": "ASAStatusEnum"
  },
  {
    "Order": 4,
    "FriendlyName": "dGy (TFC) (g)",
    "Visible": false,
    "Variable": "dGy",
    "UnitName": "",
    "FormatType": null,
    "IsFrozen": false,
    "ColumnWidth": "103px",
    "DecPlaces":5,
    "MeanAll":true,
    "SDAll":true,
    "MeanAccept":true,
    "SDAccept":true,
    "EnumName": "ASAStatusEnum"
  },
  {
    "Order": 5,
    "FriendlyName": "dGz (TFC) (g)",
    "Visible": false,
    "Variable": "dGz",
    "UnitName": "",
    "FormatType": null,
    "IsFrozen": false,
    "ColumnWidth": "100px",
    "DecPlaces":5,
    "MeanAll":true,
    "SDAll":true,
    "MeanAccept":true,
    "SDAccept":true,
    "EnumName": "ASAStatusEnum"
  },
  {
    "Order": 6,
    "FriendlyName": "dGxAcc (TFC) (g)",
    "Visible": false,
    "Variable": "dGxAcc",
    "UnitName": "",
    "FormatType": null,
    "IsFrozen": false,
    "ColumnWidth": "125px",
    "DecPlaces":5,
    "MeanAll":false,
    "SDAll":false,
    "MeanAccept":false,
    "SDAccept":false,
    "EnumName": "ASAStatusEnum"
  },
  {
    "Order": 8,
    "FriendlyName": "dGyAcc (TFC) (g)",
    "Visible": false,
    "Variable": "dGyAcc",
    "UnitName": "",
    "FormatType": null,
    "IsFrozen": false,
    "ColumnWidth": "125px",
    "DecPlaces":5,
    "MeanAll":false,
    "SDAll":false,
    "MeanAccept":false,
    "SDAccept":false,
    "EnumName": "ASAStatusEnum"
  },
  {
    "Order": 9,
    "FriendlyName": "dGzAcc (TFC) (g)",
    "Visible": false,
    "Variable": "dGzAcc",
    "UnitName": "",
    "FormatType": null,
    "IsFrozen": false,
    "ColumnWidth": "125px",
    "DecPlaces":5,
    "MeanAll":false,
    "SDAll":false,
    "MeanAccept":false,
    "SDAccept":false,
    "EnumName": "ASAStatusEnum"
  },
  {
    "Order": 9,
    "FriendlyName": "Gx (TFC) (g)",
    "Visible": false,
    "Variable": "gx",
    "UnitName": "",
    "FormatType": null,
    "IsFrozen": false,
    "ColumnWidth": "95px",
    "DecPlaces":5,
    "MeanAll":false,
    "SDAll":false,
    "MeanAccept":false,
    "SDAccept":false,
    "EnumName": "ASAStatusEnum"
  },
  {
    "Order": 10,
    "FriendlyName": "Gy (TFC) (g)",
    "Visible": false,
    "Variable": "gy",
    "UnitName": "",
    "FormatType": null,
    "IsFrozen": false,
    "ColumnWidth": "95px",
    "DecPlaces":5,
    "MeanAll":false,
    "SDAll":false,
    "MeanAccept":false,
    "SDAccept":false,
    "EnumName": "ASAStatusEnum"
  },
  {
    "Order": 11,
    "FriendlyName": "Gz (TFC) (g)",
    "Visible": false,
    "Variable": "gz",
    "UnitName": "",
    "FormatType": null,
    "IsFrozen": false,
    "ColumnWidth": "95px",
    "DecPlaces":5,
    "MeanAll":false,
    "SDAll":false,
    "MeanAccept":false,
    "SDAccept":false,
    "EnumName": "ASAStatusEnum"
  },
  {
    "Order": 11,
    "FriendlyName": "Inc (TFC) (°)",
    "Visible": false,
    "Variable": "inc",
    "UnitName": "",
    "FormatType": null,
    "IsFrozen": false,
    "ColumnWidth": "95px",
    "DecPlaces":2,
    "MeanAll":false,
    "SDAll":false,
    "MeanAccept":false,
    "SDAccept":false,
    "EnumName": "ASAStatusEnum"
  },
  {
    "Order": 12,
    "FriendlyName": "HS (TFC) (g)",
    "Visible": false,
    "Variable": "hsd",
    "UnitName": "",
    "FormatType": null,
    "IsFrozen": false,
    "ColumnWidth": "95px",
    "DecPlaces":2,
    "MeanAll":false,
    "SDAll":false,
    "MeanAccept":false,
    "SDAccept":false,
    "EnumName": "ASAStatusEnum"
  },
  {
    "Order": 13,
    "FriendlyName": "GT (TFC) (g)",
    "Visible": false,
    "Variable": "gt",
    "UnitName": "",
    "FormatType": null,
    "IsFrozen": false,
    "ColumnWidth": "100px",
    "DecPlaces":6,
    "MeanAll":true,
    "SDAll":true,
    "MeanAccept":false,
    "SDAccept":false,
    "EnumName": "ASAStatusEnum"
  },
  {
    "Order": 14,
    "FriendlyName": "dGx (TFC+) (g)",
    "Visible": false,
    "Variable": "dGxMax",
    "UnitName": "",
    "FormatType": null,
    "IsFrozen": false,
    "ColumnWidth": "120px",
    "DecPlaces":5,
    "MeanAll":false,
    "SDAll":false,
    "MeanAccept":false,
    "SDAccept":false,
    "EnumName": "ASAStatusEnum"
  },
  {
    "Order": 15,
    "FriendlyName": "dGx (TFC-) (g)",
    "Visible": false,
    "Variable": "dGxMin",
    "UnitName": "",
    "FormatType": null,
    "IsFrozen": false,
    "ColumnWidth": "110px",
    "DecPlaces":5,
    "MeanAll":false,
    "SDAll":false,
    "MeanAccept":false,
    "SDAccept":false,
    "EnumName": "ASAStatusEnum"
  },
  {
    "Order": 16,
    "FriendlyName": "dGy (TFC+) (g)",
    "Visible": false,
    "Variable": "dGyMax",
    "UnitName": "",
    "FormatType": null,
    "IsFrozen": false,
    "ColumnWidth": "120px",
    "DecPlaces":5,
    "MeanAll":false,
    "SDAll":false,
    "MeanAccept":false,
    "SDAccept":false,
    "EnumName": "ASAStatusEnum"
  },
  {
    "Order": 17,
    "FriendlyName": "dGy (TFC-) (g)",
    "Visible": false,
    "Variable": "dGyMin",
    "UnitName": "",
    "FormatType": null,
    "IsFrozen": false,
    "ColumnWidth": "120px",
    "DecPlaces":5,
    "MeanAll":false,
    "SDAll":false,
    "MeanAccept":false,
    "SDAccept":false,
    "EnumName": "ASAStatusEnum"
  }
]
