{
  "icarus": [

    {
      "id": 1,
      "name": "Gt vs Hsg"
    },
    {
      "id": 2,
      "name": "Delta Gx"
    },
    {
      "id": 3,
      "name": "Delta Gy"
    },
    {
      "id": 4,
      "name": "Delta Gz"
    },
    {
      "id": 5,
      "name": "GTotal"
    },
    {
      "id": 6,
      "name": "Inclination"
    }
  ],
  "caz1": [

    {
      "id": 1,
      "name": "Gt vs Hsg"
    },
    {
      "id": 2,
      "name": "Delta Bx"
    },
    {
      "id": 3,
      "name": "Delta Bz"
    },
    {
      "id": 4,
      "name": "Sxy"
    },
    {
      "id": 5,
      "name": "BTotal"
    },
    {
      "id": 6,
      "name": "MAv Dip"
    }
  ],
  "caz2": [

    {
      "id": 1,
      "name": "Gt vs Hsg"
    },
    {
      "id": 2,
      "name": "Delta Bx"
    },
    {
      "id": 3,
      "name": "Delta Bz"
    },
    {
      "id": 4,
      "name": "Sxy"
    },
    {
      "id": 5,
      "name": "BTotal"
    },
    {
      "id": 6,
      "name": "MAv Dip"
    }
  ],
  "azierror": [

    {
      "id": 1,
      "name": "dAZ LC"
    },
    {
      "id": 2,
      "name": "dDip LC"
    },
    {
      "id": 3,
      "name": "dBt LC"
    },
    {
      "id": 4,
      "name": "dNth LC"
    },
    {
      "id": 5,
      "name": "dEast LC"
    },
    {
      "id": 6,
      "name": "dLat LC"
    },
    {
      "id": 7,
      "name": "dAZ SC"
    },
    {
      "id": 8,
      "name": "dAZ SC"
    },
    {
      "id": 9,
      "name": "dDipc SC"
    },
    {
      "id": 10,
      "name": "dNth SC"
    },
    {
      "id": 11,
      "name": "dLat SC"
    }
    
  ]
 

}
