[
  {
    "Visible": true,
	 "FriendlyName": "Sl No",
    "Variable": "serialNumber",
    "UnitName": "",
    "FormatType": null,
    "IsFrozen": false,
    "ColumnWidth": 45,
    "columnKey" : "serialNumber"
  },
    {
      "Order": 0,
      "FriendlyName": "Well Name",
      "Visible": true,
      "Variable": "name",
      "UnitName": "",
      "FormatType": null,
      "IsFrozen": false,
      "ColumnWidth": 242,
      "columnKey" : "name"
    },
    {
      "Order": 1,
      "FriendlyName": "ROC",
      "Visible": true,
      "Variable": "roc",
      "UnitName": "",
      "FormatType": null,
      "IsFrozen": false,
      "ColumnWidth": 120,
      "EnumName" : "rocOptionList",
      "FilterColumn": "filterROC",
      "isFilterIconVisible" : true,
      "filterVariable" : "filterROC",
      "columnKey" : "roc"
    },
    {
      "Order": 2,
      "FriendlyName": "Customer",
      "Visible": true,
      "Variable": "customer",
      "UnitName": "",
      "FormatType": null,
      "IsFrozen": false,
      "ColumnWidth": 160,
      "columnKey" : "customer"
    },
    {
      "Order": 3,
      "FriendlyName": "Country",
      "Visible": true,
      "Variable": "country",
      "UnitName": "",
      "FormatType": null,
      "IsFrozen": false,
      "ColumnWidth": 120,
      "columnKey" : "country"
    },
    {
      "Order": 4,
      "FriendlyName": "District",
      "Visible": true,
      "Variable": "district",
      "UnitName": "",
      "FormatType": null,
      "IsFrozen": false,
      "ColumnWidth": 100,
      "columnKey" : "district"
    },
    {
      "Order": 5,
      "FriendlyName": "Lock",
      "Visible": true,
      "Variable": "locked",
      "UnitName": "",
      "FormatType": null,
      "IsFrozen": false,
      "ColumnWidth": 100,
      "filterVariable" : "filterLock",
      "columnKey" : "locked"
    },
    {
      "Order": 6,
      "FriendlyName": "Locked By",
      "Visible": true,
      "Variable": "lockedBy",
      "UnitName": "",
      "FormatType": null,
      "IsFrozen": false,
      "ColumnWidth": 220,
      "columnKey" : "lockedBy"
    },
    {
      "Order": 7,
      "FriendlyName": "Export Template",
      "Visible": true,
      "Variable": "exportTemplateId",
      "UnitName": "",
      "FormatType": null,
      "IsFrozen": false,
      "ColumnWidth": 150,
      "columnKey" : "exportTemplate"
    },
    {
      "Order": 8,
      "FriendlyName": "Import Template",
      "Visible": true,
      "Variable": "importTemplateId",
      "UnitName": "",
      "FormatType": null,
      "IsFrozen": false,
      "ColumnWidth": 150,
      "columnKey" : "importTemplate"
    },
    {
      "Order": 9,
      "FriendlyName": "Last Edited By",
      "Visible": true,
      "Variable": "lastEditedBy",
      "UnitName": "",
      "FormatType": null,
      "IsFrozen": false,
      "ColumnWidth": 200,
      "columnKey" : "lastEditedBy"
    },
    {
      "Order": 10,
      "FriendlyName": "Last Edited Date",
      "Visible": true,
      "Variable": "lastEditedTime",
      "UnitName": "",
      "FormatType": null,
      "IsFrozen": false,
      "ColumnWidth": 145,
      "IsDateFormat": true,
      "columnKey" : "lastEditedDate"
    },
    {
      "Order": 11,
      "FriendlyName": "Created By",
      "Visible": true,
      "Variable": "createdBy",
      "UnitName": "",
      "FormatType": null,
      "IsFrozen": false,
      "ColumnWidth": 200,
      "columnKey" : "createdBy"
    },
    {
      "Order": 12,
      "FriendlyName": "Created Date",
      "Visible": true,
      "Variable": "createdTime",
      "UnitName": "",
      "FormatType": null,
      "IsFrozen": false,
      "ColumnWidth": 145,
      "IsDateFormat": true,
      "columnKey" : "createdDate"
    },
    {
      "Order": 13,
      "FriendlyName": "Well ID",
      "Visible": true,
      "Variable": "insiteWellId",
      "UnitName": "",
      "FormatType": null,
      "IsFrozen": false,
      "ColumnWidth": 250,
      "columnKey" : "WellID"
    },
    {
      "Order": 14,
      "FriendlyName": "Original Insite Well ID",
      "Visible": true,
      "Variable": "originalInsiteWellId",
      "UnitName": "",
      "FormatType": null,
      "IsFrozen": false,
      "ColumnWidth": 240,
      "columnKey" : "originalInsiteWellID"
    },
    {
      "Order": 15,
      "FriendlyName": "Well Type",
      "Visible": true,
      "Variable": "wellType",
      "UnitName": "",
      "FormatType": null,
      "IsFrozen": false,
      "ColumnWidth": 250,
      "EnumName" : "wellTypeList",
      "columnKey" : "wellType"
    },
    {
      "Order": 16,
      "FriendlyName": "Status",
      "Visible": true,
      "Variable": "status",
      "UnitName": "",
      "FormatType": null,
      "IsFrozen": false,
      "ColumnWidth": 250,
      "EnumName" : "wellStatusList",
      "columnKey" : "status"
    },
    {
      "Order": 17,
      "FriendlyName": "Region",
      "Visible": true,
      "Variable": "region",
      "UnitName": "",
      "FormatType": null,
      "IsFrozen": false,
      "ColumnWidth": 250,
      "columnKey" : "region"
    },
    {
      "Order": 18,
      "FriendlyName": "Directional Company",
      "Visible": true,
      "Variable": "company",
      "UnitName": "",
      "FormatType": null,
      "IsFrozen": false,
      "ColumnWidth": 250,
      "columnKey" : "DirectionalCompany"
    },
    {
      "Order": 19,
      "FriendlyName": "Field",
      "Visible": true,
      "Variable": "fieldName",
      "UnitName": "",
      "FormatType": null,
      "IsFrozen": false,
      "ColumnWidth": 250,
      "columnKey" : "field"
    },
    {
      "Order": 20,
      "FriendlyName": "Rig",
      "Visible": true,
      "Variable": "rig",
      "UnitName": "",
      "FormatType": null,
      "IsFrozen": false,
      "ColumnWidth": 250,
      "columnKey" : "rig"
    },
    {
      "Order": 21,
      "FriendlyName": "Job Number",
      "Visible": true,
      "Variable": "jobNumber",
      "UnitName": "",
      "FormatType": null,
      "IsFrozen": false,
      "ColumnWidth": 250,
      "columnKey" : "jobNumber"
    },
    {
      "Order": 22,
      "FriendlyName": "API Number / UWI",
      "Visible": true,
      "Variable": "apiNumber",
      "UnitName": "",
      "FormatType": null,
      "IsFrozen": false,
      "ColumnWidth": 250,
      "columnKey" : "apiNumber"
    },
    {
      "Order": 23,
      "FriendlyName": "Unit Set",
      "Visible": true,
      "Variable": "unitSystem",
      "UnitName": "",
      "FormatType": null,
      "IsFrozen": false,
      "ColumnWidth": 250,
      "EnumName" : "unitSetEnum",
      "columnKey" : "unitSet"
    },
    {
      "Order": 24,
      "FriendlyName": "Time Zone",
      "Visible": true,
      "Variable": "timeZone",
      "UnitName": "",
      "FormatType": null,
      "IsFrozen": false,
      "ColumnWidth": 250,
      "columnKey" : "timeZone"
    },
   
    {
      "Order": 27,
      "FriendlyName": "Elevation of PD above MSL",
      "Visible": true,
      "Variable": "elevation",
      "UnitName": "ft",
      "FormatType": 1,
      "IsFrozen": false,
      "ColumnWidth": 250,
      "DecimalPlaces": 2
    },
   
  
    {
      "Order": 31,
      "FriendlyName": "Latitude",
      "Visible": true,
      "Variable": "latitude",
      "UnitName": "",
      "FormatType": null,
      "IsFrozen": false,
      "ColumnWidth": 250
    },
    {
      "Order": 32,
      "FriendlyName": "Longitude",
      "Visible": true,
      "Variable": "longitude",
      "UnitName": "",
      "FormatType": null,
      "IsFrozen": false,
      "ColumnWidth": 250
    },
    {
      "Order": 33,
      "FriendlyName": "Northing / Y",
      "Visible": true,
      "Variable": "northing",
      "UnitName": "ft",
      "FormatType": null,
      "IsFrozen": false,
      "ColumnWidth": 250
    },
    {
      "Order": 34,
      "FriendlyName": "Easting / X",
      "Visible": true,
      "Variable": "easting",
      "UnitName": "ft",
      "FormatType": null,
      "IsFrozen": false,
      "ColumnWidth": 250
    },
    {
      "Order": 35,
      "FriendlyName": "Reference",
      "Visible": true,
      "Variable": "projectionReference",
      "UnitName": "",
      "FormatType": null,
      "IsFrozen": false,
      "ColumnWidth": 250
    },
    {
      "Order": 36,
      "FriendlyName": "Grid Coordinate System",
      "Visible": true,
      "Variable": "coordinateSystem",
      "UnitName": "",
      "FormatType": null,
      "IsFrozen": false,
      "ColumnWidth": 250
    },
    {
      "Order": 37,
      "FriendlyName": "Group/Region",
      "Visible": true,
      "Variable": "projectionGroup",
      "UnitName": "",
      "FormatType": null,
      "IsFrozen": false,
      "ColumnWidth": 250
    },
    {
      "Order": 38,
      "FriendlyName": "Central Meridian",
      "Visible": true,
      "Variable": "projectionCentralMeridian",
      "UnitName": "",
      "FormatType": null,
      "IsFrozen": false,
      "ColumnWidth": 250
    },
    
    {
      "Order": 40,
      "FriendlyName": "Description",
      "Visible": true,
      "Variable": "projectionDescription",
      "UnitName": "",
      "FormatType": null,
      "IsFrozen": false,
      "ColumnWidth": 250
    },
    
    {
      "Order": 42,
      "FriendlyName": "Projection Method",
      "Visible": true,
      "Variable": "projectionMethod",
      "UnitName": "",
      "FormatType": null,
      "IsFrozen": false,
      "ColumnWidth": 250
    },
    
   
    {
      "Order": 56,
      "FriendlyName": "Magnetic Model",
      "Visible": true,
      "Variable": "magneticModel",
      "UnitName": "",
      "FormatType": null,
      "IsFrozen": false,
      "ColumnWidth": 250
    },
    {
      "Order": 57,
      "FriendlyName": "Date of Magnetic Data",
      "Visible": true,
      "Variable": "magneticCalcDate",
      "UnitName": "",
      "FormatType": null,
      "IsFrozen": false,
      "ColumnWidth": 250
    },
    {
      "Order": 58,
      "FriendlyName": "Data Source",
      "Visible": true,
      "Variable": "magDataSource",
      "UnitName": "",
      "FormatType": null,
      "IsFrozen": false,
      "ColumnWidth": 250
    },
   
    {
      "Order": 60,
      "FriendlyName": "Magnetic Dip Angle",
      "Visible": true,
      "Variable": "dip",
      "UnitName": "°",
      "FormatType": 4,
      "IsFrozen": false,
      "ColumnWidth": 250
    },
    {
      "Order": 61,
      "FriendlyName": "North Reference",
      "Visible": true,
      "Variable": "northReference",
      "UnitName": "",
      "FormatType": null,
      "IsFrozen": false,
      "ColumnWidth": 250
    },
    {
      "Order": 62,
      "FriendlyName": "Total Correction",
      "Visible": true,
      "Variable": "totalCorrection",
      "UnitName": "°",
      "FormatType": 4,
      "IsFrozen": false,
      "ColumnWidth": 250
    },
    {
      "Order": 63,
      "FriendlyName": "Magnetic Declination",
      "Visible": true,
      "Variable": "declination",
      "UnitName": "°",
      "FormatType": 4,
      "IsFrozen": false,
      "ColumnWidth": 250
    },
    {
      "Order": 64,
      "FriendlyName": "Grid Convergence",
      "Visible": true,
      "Variable": "gridConvergence",
      "UnitName": "°",
      "FormatType": 4,
      "IsFrozen": false,
      "ColumnWidth": 250
    },
    {
      "Order": 65,
      "FriendlyName": "MD",
      "Visible": true,
      "Variable": "measuredDepth",
      "UnitName": "ft",
      "FormatType": 1,
      "IsFrozen": false,
      "ColumnWidth": 250
    },
    {
      "Order": 66,
      "FriendlyName": "Inclination",
      "Visible": true,
      "Variable": "inclination",
      "UnitName": "°",
      "FormatType": 8,
      "IsFrozen": false,
      "ColumnWidth": 250
    },
    {
      "Order": 67,
      "FriendlyName": "Azimuth",
      "Visible": true,
      "Variable": "Azimuth",
      "UnitName": "°",
      "FormatType": 8,
      "IsFrozen": false,
      "ColumnWidth": 250
    },
    {
      "Order": 68,
      "FriendlyName": "TVD",
      "Visible": true,
      "Variable": "tvd",
      "UnitName": "ft",
      "FormatType": 1,
      "IsFrozen": false,
      "ColumnWidth": 250
    },
    {
      "Order": 69,
      "FriendlyName": "N/S Departure",
      "Visible": true,
      "Variable": "nsDeparture",
      "UnitName": "ft",
      "FormatType": 1,
      "IsFrozen": false,
      "ColumnWidth": 250
    },
    {
      "Order": 250,
      "FriendlyName": "E/W Departure",
      "Visible": true,
      "Variable": "ewDeparture",
      "UnitName": "ft",
      "FormatType": 1,
      "IsFrozen": false,
      "ColumnWidth": 250
    },
    {
      "Order": 71,
      "FriendlyName": "Enable Static QCs",
      "Visible": true,
      "Variable": "isEnableStaticQc",
      "UnitName": "",
      "FormatType": null,
      "IsFrozen": false,
      "ColumnWidth": 250
    },
    {
      "Order": 72,
      "FriendlyName": "Gt QC Limit",
      "Visible": true,
      "Variable": "gtQcLimit",
      "UnitName": "g",
      "FormatType": 5,
      "IsFrozen": false,
      "ColumnWidth": 250
    },
    {
      "Order": 73,
      "FriendlyName": "Bt QC Limit",
      "Visible": true,
      "Variable": "btQcLimit",
      "UnitName": "nT",
      "FormatType": 5,
      "IsFrozen": false,
      "ColumnWidth": 250
    },
    {
      "Order": 74,
      "FriendlyName": "Dip QC Limit",
      "Visible": true,
      "Variable": "dipQcLimit",
      "UnitName": "°",
      "FormatType": 4,
      "IsFrozen": false,
      "ColumnWidth": 250
    },
    {
      "Order": 75,
      "FriendlyName": "BtDip QC Limit",
      "Visible": true,
      "Variable": "btDipQcLimit",
      "UnitName": "nT",
      "FormatType": 5,
      "IsFrozen": false,
      "ColumnWidth": 250
    },
    {
      "Order": 76,
      "FriendlyName": "Low Azi/Inc QC Limit",
      "Visible": true,
      "Variable": "lowAzimuthQcLimit",
      "UnitName": "°",
      "FormatType": 8,
      "IsFrozen": false,
      "ColumnWidth": 250
    },
    {
      "Order": 77,
      "FriendlyName": "High Azi/Inc QC Limit",
      "Visible": true,
      "Variable": "highAzimuthQcLimit",
      "UnitName": "°",
      "FormatType": 8,
      "IsFrozen": false,
      "ColumnWidth": 250
    },
    {
      "Order": 78,
      "FriendlyName": "archived",
      "Visible": true,
      "Variable": "archived",
      "UnitName": "",
      "FormatType": null,
      "IsFrozen": false,
      "ColumnWidth": 250,
      "columnKey" : "archived"
    },
    {
      "Order": 13,
      "FriendlyName": "asaMode",
      "Visible": true,
      "Variable": "asaMode",
      "UnitName": "",
      "FormatType": null,
      "IsFrozen": false,
      "ColumnWidth": 250,
      "columnKey" : "asaMode"
    },
    {
      "Order": 13,
      "FriendlyName": "asaPendingSessionCount",
      "Visible": true,
      "Variable": "asaPendingSessionCount",
      "UnitName": "",
      "FormatType": null,
      "IsFrozen": false,
      "ColumnWidth": 250,
      "columnKey" : "asaPendingSessionCount"
    },
    {
      "Order": 13,
      "FriendlyName": "asaSessionCount",
      "Visible": true,
      "Variable": "asaSessionCount",
      "UnitName": "",
      "FormatType": null,
      "IsFrozen": false,
      "ColumnWidth": 250,
      "columnKey" : "asaSessionCount"
    },
    {
      "Order": 13,
      "FriendlyName": "asaStatusEnum",
      "Visible": true,
      "Variable": "asaStatusEnum",
      "UnitName": "",
      "FormatType": null,
      "IsFrozen": false,
      "ColumnWidth": 250,
      "columnKey" : "asaStatusEnum"
    },
    {
      "Order": 13,
      "FriendlyName": "autoCalcPosition",
      "Visible": true,
      "Variable": "autoCalcPosition",
      "UnitName": "",
      "FormatType": null,
      "IsFrozen": false,
      "ColumnWidth": 250,
      "columnKey" : "autoCalcPosition"
    },
    {
      "Order": 13,
      "FriendlyName": "btDipQcLimit",
      "Visible": true,
      "Variable": "btDipQcLimit",
      "UnitName": "",
      "FormatType": null,
      "IsFrozen": false,
      "ColumnWidth": 250,
      "columnKey" : "btDipQcLimit"
    },
    {
      "Order": 13,
      "FriendlyName": "bTotal",
      "Visible": true,
      "Variable": "bTotal",
      "UnitName": "",
      "FormatType": null,
      "IsFrozen": false,
      "ColumnWidth": 250,
      "columnKey" : "bTotal"
    },
    {
      "Order": 13,
      "FriendlyName": "btQcLimit",
      "Visible": true,
      "Variable": "btQcLimit",
      "UnitName": "",
      "FormatType": null,
      "IsFrozen": false,
      "ColumnWidth": 250,
      "columnKey" : "btQcLimit"
    },
    {
      "Order": 13,
      "FriendlyName": "calculatedTimeOffset",
      "Visible": true,
      "Variable": "calculatedTimeOffset",
      "UnitName": "",
      "FormatType": null,
      "IsFrozen": false,
      "ColumnWidth": 250,
      "columnKey" : "calculatedTimeOffset"
    },
    {
      "Order": 13,
      "FriendlyName": "cartesianCordsUnitOption",
      "Visible": true,
      "Variable": "cartesianCordsUnitOption",
      "UnitName": "",
      "FormatType": null,
      "IsFrozen": false,
      "ColumnWidth": 250,
      "columnKey" : "cartesianCordsUnitOption"
    },

    {
      "Order": 13,
      "FriendlyName": "dipQcLimit",
      "Visible": true,
      "Variable": "dipQcLimit",
      "UnitName": "",
      "FormatType": null,
      "IsFrozen": false,
      "ColumnWidth": 250,
      "columnKey" : "dipQcLimit"
    },
    {
      "Order": 13,
      "FriendlyName": "company",
      "Visible": true,
      "Variable": "company",
      "UnitName": "",
      "FormatType": null,
      "IsFrozen": false,
      "ColumnWidth": 250,
      "columnKey" : "company"
    },
    {
      "Order": 13,
      "FriendlyName": "coordinateSystem",
      "Visible": true,
      "Variable": "coordinateSystem",
      "UnitName": "",
      "FormatType": null,
      "IsFrozen": false,
      "ColumnWidth": 250,
      "columnKey" : "coordinateSystem"
    },
    {
      "Order": 13,
      "FriendlyName": "declination",
      "Visible": true,
      "Variable": "declination",
      "UnitName": "",
      "FormatType": null,
      "IsFrozen": false,
      "ColumnWidth": 250,
      "columnKey" : "declination"
    },
    {
      "Order": 13,
      "FriendlyName": "deleted",
      "Visible": true,
      "Variable": "deleted",
      "UnitName": "",
      "FormatType": null,
      "IsFrozen": false,
      "ColumnWidth": 250,
      "columnKey" : "deleted"
    },
    {
      "Order": 13,
      "FriendlyName": "district",
      "Visible": true,
      "Variable": "district",
      "UnitName": "",
      "FormatType": null,
      "IsFrozen": false,
      "ColumnWidth": 250,
      "columnKey" : "district"
    },
    {
      "Order": 13,
      "FriendlyName": "gTotal",
      "Visible": true,
      "Variable": "gTotal",
      "UnitName": "",
      "FormatType": null,
      "IsFrozen": false,
      "ColumnWidth": 250,
      "columnKey" : "gTotal"
    },
    {
      "Order": 13,
      "FriendlyName": "geodeticScaleFactorEnum",
      "Visible": true,
      "Variable": "geodeticScaleFactorEnum",
      "UnitName": "",
      "FormatType": null,
      "IsFrozen": false,
      "ColumnWidth": 250,
      "columnKey" : "geodeticScaleFactorEnum"
    },
    {
      "Order": 13,
      "FriendlyName": "geodeticScaleFactorValue",
      "Visible": true,
      "Variable": "geodeticScaleFactorValue",
      "UnitName": "",
      "FormatType": null,
      "IsFrozen": false,
      "ColumnWidth": 250,
      "columnKey" : "geodeticScaleFactorValue"
    },
    {
      "Order": 13,
      "FriendlyName": "importADIServer",
      "Visible": true,
      "Variable": "importADIServer",
      "UnitName": "",
      "FormatType": null,
      "IsFrozen": false,
      "ColumnWidth": 250,
      "columnKey" : "importADIServer"
    },
    {
      "Order": 13,
      "FriendlyName": "ipAddress",
      "Visible": true,
      "Variable": "ipAddress",
      "UnitName": "",
      "FormatType": null,
      "IsFrozen": false,
      "ColumnWidth": 250,
      "columnKey" : "ipAddress"
    },
    {
      "Order": 13,
      "FriendlyName": "isForceUpdateHypercubeBGS",
      "Visible": true,
      "Variable": "isForceUpdateHypercubeBGS",
      "UnitName": "",
      "FormatType": null,
      "IsFrozen": false,
      "ColumnWidth": 250,
      "columnKey" : "isForceUpdateHypercubeBGS"
    },
    {
      "Order": 13,
      "FriendlyName": "overrideGeodeticScaleFactor",
      "Visible": true,
      "Variable": "overrideGeodeticScaleFactor",
      "UnitName": "",
      "FormatType": null,
      "IsFrozen": false,
      "ColumnWidth": 250,
      "columnKey" : "overrideGeodeticScaleFactor"
    },
    {
      "Order": 13,
      "FriendlyName": "projectionGridSystem",
      "Visible": true,
      "Variable": "projectionGridSystem",
      "UnitName": "",
      "FormatType": null,
      "IsFrozen": false,
      "ColumnWidth": 250,
      "columnKey" : "projectionGridSystem"
    },
    {
      "Order": 13,
      "FriendlyName": "resetTime",
      "Visible": true,
      "Variable": "resetTime",
      "UnitName": "",
      "FormatType": null,
      "IsFrozen": false,
      "ColumnWidth": 250,
      "columnKey" : "resetTime"
    },
    {
      "Order": 13,
      "FriendlyName": "rigType",
      "Visible": true,
      "Variable": "rigType",
      "UnitName": "",
      "FormatType": null,
      "IsFrozen": false,
      "ColumnWidth": 250,
      "columnKey" : "rigType"
    },
    {
      "Order": 13,
      "FriendlyName": "sigmaValue",
      "Visible": true,
      "Variable": "sigmaValue",
      "UnitName": "",
      "FormatType": null,
      "IsFrozen": false,
      "ColumnWidth": 250,
      "columnKey" : "sigmaValue"
    },
    {
      "Order": 13,
      "FriendlyName": "timeOffsetInterval",
      "Visible": true,
      "Variable": "timeOffsetInterval",
      "UnitName": "",
      "FormatType": null,
      "IsFrozen": false,
      "ColumnWidth": 250,
      "columnKey" : "timeOffsetInterval"
    },
    {
      "Order": 13,
      "FriendlyName": "toolface",
      "Visible": true,
      "Variable": "toolface",
      "UnitName": "",
      "FormatType": null,
      "IsFrozen": false,
      "ColumnWidth": 250,
      "columnKey" : "toolface"
    },
    {
      "Order": 13,
      "FriendlyName": "uom",
      "Visible": true,
      "Variable": "uom",
      "UnitName": "",
      "FormatType": null,
      "IsFrozen": false,
      "ColumnWidth": 250,
      "columnKey" : "uom"
    },
    {
      "Order": 13,
      "FriendlyName": "wgsLatitude",
      "Visible": true,
      "Variable": "wgsLatitude",
      "UnitName": "",
      "FormatType": null,
      "IsFrozen": false,
      "ColumnWidth": 250,
      "columnKey" : "wgsLatitude"
    },
    {
      "Order": 13,
      "FriendlyName": "wgsLongitude",
      "Visible": true,
      "Variable": "wgsLongitude",
      "UnitName": "",
      "FormatType": null,
      "IsFrozen": false,
      "ColumnWidth": 250,
      "columnKey" : "wgsLongitude"
    }
  ]
