{
  "DynamicQCParameters": {
    "MWDBGGMMS": {
      "AccelorometerBias": "0.0005",
      "MagBiases": "35",
      "AMIL": "100",
      "DEC": "0.36",
      "DBH": "5000",
      "MDI": "0.2",
      "MFI": "130",
      "Sxy": "0",
      "DeltaBNoise": "50",
      "DeltaDipNoise": "0.05"
    },
    "MWDBGGM": {
      "AccelorometerBias": "0.0005",
      "MagBiases": "70",
      "AMIL": "220",
      "DEC": "0.36",
      "DBH": "5000",
      "MDI": "0.2",
      "MFI": "130",
      "Sxy": "0",
      "DeltaBNoise": "50",
      "DeltaDipNoise": "0.05"
    },
    "MWDSCBGGMMS": {
      "AccelorometerBias": "0.0005",
      "MagBiases": "35",
      "AMIL": "100",
      "DEC": "0.36",
      "DBH": "5000",
      "MDI": "0.2",
      "MFI": "130",
      "Sxy": "0",
      "DeltaBNoise": "50",
      "DeltaDipNoise": "0.05"
    },
    "MWDSCBGGM": {
      "AccelorometerBias": "0.0005",
      "MagBiases": "70",
      "AMIL": "220",
      "DEC": "0.36",
      "DBH": "5000",
      "MDI": "0.2",
      "MFI": "130",
      "Sxy": "0",
      "DeltaBNoise": "50",
      "DeltaDipNoise": "0.05"
    },
    "MWDIGRFMS": {
      "AccelorometerBias": "0.0005",
      "MagBiases": "35",
      "AMIL": "100",
      "DEC": "0.43",
      "DBH": "6029",
      "MDI": "0.24",
      "MFI": "157",
      "Sxy": "0",
      "DeltaBNoise": "50",
      "DeltaDipNoise": "0.05"
    },
    "MWDIGRF": {
      "AccelorometerBias": "0.0005",
      "MagBiases": "70",
      "AMIL": "220",
      "DEC": "0.43",
      "DBH": "6029",
      "MDI": "0.24",
      "MFI": "157",
      "Sxy": "0",
      "DeltaBNoise": "50",
      "DeltaDipNoise": "0.05"
    },
    "MWDSCIGRFMS": {
      "AccelorometerBias": "0.0005",
      "MagBiases": "35",
      "AMIL": "100",
      "DEC": "0.43",
      "DBH": "6029",
      "MDI": "0.24",
      "MFI": "157",
      "Sxy": "0",
      "DeltaBNoise": "50",
      "DeltaDipNoise": "0.05"
    },
    "MWDSCIGRF": {
      "AccelorometerBias": "0.0005",
      "MagBiases": "70",
      "AMIL": "220",
      "DEC": "0.43",
      "DBH": "6029",
      "MDI": "0.24",
      "MFI": "157",
      "Sxy": "0",
      "DeltaBNoise": "50",
      "DeltaDipNoise": "0.05"
    },
    "MWDHDGMMS": {
      "AccelorometerBias": "0.0005",
      "MagBiases": "35",
      "AMIL": "100",
      "DEC": "0.30",
      "DBH": "4118",
      "MDI": "0.16",
      "MFI": "107",
      "Sxy": "0",
      "DeltaBNoise": "50",
      "DeltaDipNoise": "0.05"
    },
    "MWDHDGM": {
      "AccelorometerBias": "0.0005",
      "MagBiases": "70",
      "AMIL": "220",
      "DEC": "0.30",
      "DBH": "4118",
      "MDI": "0.16",
      "MFI": "107",
      "Sxy": "0",
      "DeltaBNoise": "50",
      "DeltaDipNoise": "0.05"
    },
    "MWDSCHDGMMS": {
      "AccelorometerBias": "0.0005",
      "MagBiases": "35",
      "AMIL": "100",
      "DEC": "0.30",
      "DBH": "4118",
      "MDI": "0.16",
      "MFI": "107",
      "Sxy": "0",
      "DeltaBNoise": "50",
      "DeltaDipNoise": "0.05"
    },
    "MWDSCHDGM": {
      "AccelorometerBias": "0.0005",
      "MagBiases": "70",
      "AMIL": "220",
      "DEC": "0.30",
      "DBH": "4118",
      "MDI": "0.16",
      "MFI": "107",
      "Sxy": "0",
      "DeltaBNoise": "50",
      "DeltaDipNoise": "0.05"
    },
    "MWDIFR1MS": {
      "AccelorometerBias": "0.0005",
      "MagBiases": "35",
      "AMIL": "100",
      "DEC": "0.15",
      "DBH": "1500",
      "MDI": "0.1",
      "MFI": "50",
      "Sxy": "0",
      "DeltaBNoise": "50",
      "DeltaDipNoise": "0.05"
    },
    "MWDIFR1": {
      "AccelorometerBias": "0.0005",
      "MagBiases": "70",
      "AMIL": "220",
      "DEC": "0.15",
      "DBH": "1500",
      "MDI": "0.1",
      "MFI": "50",
      "Sxy": "0",
      "DeltaBNoise": "50",
      "DeltaDipNoise": "0.05"
    },
    "MWDSCIFR1MS": {
      "AccelorometerBias": "0.0005",
      "MagBiases": "35",
      "AMIL": "100",
      "DEC": "0.15",
      "DBH": "1500",
      "MDI": "0.1",
      "MFI": "50",
      "Sxy": "0",
      "DeltaBNoise": "50",
      "DeltaDipNoise": "0.05"
    },
    "MWDSCIFR1": {
      "AccelorometerBias": "0.0005",
      "MagBiases": "70",
      "AMIL": "220",
      "DEC": "0.15",
      "DBH": "1500",
      "MDI": "0.1",
      "MFI": "50",
      "Sxy": "0",
      "DeltaBNoise": "50",
      "DeltaDipNoise": "0.05"
    },
    "MWDIFR2MS": {
      "AccelorometerBias": "0.0005",
      "MagBiases": "35",
      "AMIL": "100",
      "DEC": "0.15",
      "DBH": "1250",
      "MDI": "0.08",
      "MFI": "45",
      "Sxy": "0",
      "DeltaBNoise": "50",
      "DeltaDipNoise": "0.05"
    },
    "MWDIFR2": {
      "AccelorometerBias": "0.0005",
      "MagBiases": "70",
      "AMIL": "220",
      "DEC": "0.15",
      "DBH": "1250",
      "MDI": "0.08",
      "MFI": "45",
      "Sxy": "0",
      "DeltaBNoise": "50",
      "DeltaDipNoise": "0.05"
    },
    "MWDSCIFR2": {
      "AccelorometerBias": "0.0005",
      "MagBiases": "70",
      "AMIL": "220",
      "DEC": "0.15",
      "DBH": "1250",
      "MDI": "0.08",
      "MFI": "45",
      "Sxy": "0",
      "DeltaBNoise": "50",
      "DeltaDipNoise": "0.05"
    },
    "MWDSCIFR2MS": {
      "AccelorometerBias": "0.0005",
      "MagBiases": "35",
      "AMIL": "100",
      "DEC": "0.15",
      "DBH": "1250",
      "MDI": "0.08",
      "MFI": "45",
      "Sxy": "0",
      "DeltaBNoise": "50",
      "DeltaDipNoise": "0.05"
    }
  }
}
