[
    {
      "Order": 0,
      "FriendlyName": "Name",
      "Visible": true,
      "Variable": "Name",
      "UnitName": "",
      "FormatType": null,
      "IsFrozen": false,
      "ColumnWidth": 80,
      "columnKey": "Name"
    },
    {
      "Order": 1,
      "FriendlyName": "Magnetic Model",
      "Visible": true,
      "Variable": "MagneticModel",
      "UnitName": "",
      "FormatType": null,
      "IsFrozen": false,
      "ColumnWidth": 80,
      "columnKey": "MagneticModel"
    },
    {
      "Order": 2,
      "FriendlyName": "Date of Magnetic Data",
      "Visible": true,
      "Variable": "CalculatedDate",
      "UnitName": "",
      "FormatType": null,
      "IsFrozen": false,
      "ColumnWidth": 80,
      "columnKey": "CalculatedDate"
    },
    {
      "Order": 3,
      "FriendlyName": "Start Depth",
      "Visible": true,
      "Variable": "StartDepth",
      "UnitName": "m",
      "FormatType": 1,
      "IsFrozen": false,
      "ColumnWidth": 80,
      "columnKey": "StartDepth",
      "DecimalPlaces": 2
    },
    
    {
      "Order": 4,
      "FriendlyName": "End Depth",
      "Visible": true,
      "Variable": "EndDepth",
      "UnitName": "m",
      "FormatType": 1,
      "IsFrozen": false,
      "ColumnWidth": 80,
      "columnKey": "EndDepth",
      "DecimalPlaces": 2
    },
    {
      "Order": 5,
      "FriendlyName": "Latitude",
      "Visible": true,
      "Variable": "Latitude",
      "UnitName": "",
      "FormatType": null,
      "IsFrozen": false,
      "ColumnWidth": 80,
      "columnKey": "Latitude"
    },
    {
      "Order": 6,
      "FriendlyName": "Longitude",
      "Visible": true,
      "Variable": "Longitude",
      "UnitName": "",
      "FormatType": null,
      "IsFrozen": false,
      "ColumnWidth": 80,
      "columnKey": "Longitude"
    },
    {
      "Order": 7,
      "FriendlyName": "Vertical Depth TVDss",
      "Visible": true,
      "Variable": "VerticalDepth",
      "UnitName": "m",
      "FormatType": 1,
      "IsFrozen": false,
      "ColumnWidth": 80,
      "columnKey": "VerticalDepth",
      "DecimalPlaces": 2
    },
    {
      "Order": 8,
      "FriendlyName": "MFM Declination",
      "Visible": true,
      "Variable": "BGGMDeclination",
      "UnitName": "°",
      "FormatType": 4,
      "IsFrozen": false,
      "ColumnWidth": 80,
      "columnKey": "BGGMDeclination",
      "DecimalPlaces": 3
    },
    {
      "Order": 9,
      "FriendlyName": "Crustal Declination Offset",
      "Visible": true,
      "Variable": "CADecOffset",
      "UnitName": "°",
      "FormatType": 4,
      "IsFrozen": false,
      "ColumnWidth": 80,
      "columnKey": "CADecOffset",
      "DecimalPlaces": 3
    },
    {
      "Order": 10,
      "FriendlyName": "Grid Convergence",
      "Visible": true,
      "Variable": "GridConvergence",
      "UnitName": "°",
      "FormatType": 4,
      "IsFrozen": false,
      "ColumnWidth": 80,
      "columnKey": "GridConvergence",
      "DecimalPlaces": 3
    },
    {
      "Order": 11,
      "FriendlyName": "IFR1 Declination",
      "Visible": true,
      "Variable": "IFRDeclination",
      "UnitName": "°",
      "FormatType": 4,
      "IsFrozen": false,
      "ColumnWidth": 80,
      "columnKey": "IFRDeclination",
      "DecimalPlaces": 3
    },
    {
      "Order": 12,
      "FriendlyName": "Ref Declination",
      "Visible": true,
      "Variable": "RefDeclination",
      "UnitName": "°",
      "FormatType": 4,
      "IsFrozen": false,
      "ColumnWidth": 80,
      "columnKey": "RefDeclination",
      "DecimalPlaces": 3
    },
    {
      "Order": 13,
      "FriendlyName": "MFM Dip",
      "Visible": true,
      "Variable": "BGGMDip",
      "UnitName": "°",
      "FormatType": 4,
      "IsFrozen": false,
      "ColumnWidth": 80,
      "columnKey": "BGGMDip",
      "DecimalPlaces": 3
    },
    {
      "Order": 14,
      "FriendlyName": "Crustal Dip Offset",
      "Visible": true,
      "Variable": "CADipOffset",
      "UnitName": "°",
      "FormatType": 4,
      "IsFrozen": false,
      "ColumnWidth": 80,
      "columnKey": "CADipOffset",
      "DecimalPlaces": 3
    },
    {
      "Order": 15,
      "FriendlyName": "IFR1 Dip",
      "Visible": true,
      "Variable": "IFRDip",
      "UnitName": "°",
      "FormatType": 4,
      "IsFrozen": false,
      "ColumnWidth": 80,
      "columnKey": "IFRDip",
      "DecimalPlaces": 3
    },
    {
      "Order": 16,
      "FriendlyName": "Ref Dip",
      "Visible": true,
      "Variable": "RefDip",
      "UnitName": "°",
      "FormatType": 4,
      "IsFrozen": false,
      "ColumnWidth": 80,
      "columnKey": "RefDip",
      "DecimalPlaces": 3
    },
    {
      "Order": 17,
      "FriendlyName": "MFM Field Strength",
      "Visible": true,
      "Variable": "BGGMBTotal",
      "UnitName": "nT",
      "FormatType": 3,
      "IsFrozen": false,
      "ColumnWidth": 80,
      "columnKey": "BGGMBTotal"
    },
    {
      "Order": 18,
      "FriendlyName": "Crustal Field Strength Offset",
      "Visible": true,
      "Variable": "CABtOffset",
      "UnitName": "nT",
      "FormatType": 3,
      "IsFrozen": false,
      "ColumnWidth": 80,
      "columnKey": "CABtOffset"
    },
    {
      "Order": 19,
      "FriendlyName": "IFR1 Field Strength",
      "Visible": true,
      "Variable": "IFRBTotal",
      "UnitName": "nT",
      "FormatType": 3,
      "IsFrozen": false,
      "ColumnWidth": 80,
      "columnKey": "IFRBTotal"
    },
    {
      "Order": 20,
      "FriendlyName": "Ref Field Strength",
      "Visible": true,
      "Variable": "RefBTotal",
      "UnitName": "nT",
      "FormatType": 3,
      "IsFrozen": false,
      "ColumnWidth": 80,
      "columnKey": "RefBTotal"
    },
    {
      "Order": 21,
      "FriendlyName": "Source",
      "Visible": false,
      "Variable": "Source",
      "UnitName": "",
      "FormatType": null,
      "IsFrozen": false,
      "ColumnWidth": 80,
      "columnKey": "Source"
    },
    {
      "Order": 22,
      "FriendlyName": "Total Correction",
      "Visible": false,
      "Variable": "IFRTotalCorrection",
      "UnitName": "°",
      "FormatType": 4,
      "IsFrozen": false,
      "ColumnWidth": 80,
      "columnKey": "IFRTotalCorrection",
      "DecimalPlaces": 3
    },
    {
      "Order": 23,
      "FriendlyName": "North Reference",
      "Visible": false,
      "Variable": "NorthReference",
      "UnitName": "",
      "FormatType": null,
      "IsFrozen": false,
      "ColumnWidth": 80,
      "columnKey": "NorthReference",
      "EnumName" : "northReference"
    },
    {
      "Order": 24,
      "FriendlyName": "Magnetic Field Strength",
      "Visible": false,
      "Variable": "MagneticFieldStrength",
      "UnitName": "nT",
      "FormatType": 3,
      "IsFrozen": false,
      "ColumnWidth": 80,
      "columnKey": "MagneticFieldStrength"
    },
    {
      "Order": 25,
      "FriendlyName": "Magnetic Dip Angle",
      "Visible": true,
      "Variable": "MagneticDipAngle",
      "UnitName": "°",
      "FormatType": 4,
      "IsFrozen": false,
      "ColumnWidth": 80,
      "columnKey": "MagneticDipAngle",
      "DecimalPlaces": 3
    },
    {
      "Order": 26,
      "FriendlyName": "Magnetic Declination",
      "Visible": true,
      "Variable": "MagneticDeclination",
      "UnitName": "°",
      "FormatType": 4,
      "IsFrozen": false,
      "ColumnWidth": 80,
      "columnKey": "MagneticDeclination",
      "DecimalPlaces": 3
    },
    {
      "Order": 27,
      "FriendlyName": "Waypoint Mode",
      "Visible": true,
      "Variable": "IFR1WaypointMode",
      "UnitName": "",
      "FormatType": null,
      "IsFrozen": false,
      "ColumnWidth": 80,
      "columnKey": "IFR1WaypointMode",
      "EnumName" : "IFR1WaypointModeEnum"
    }
  ]