[
    {
      "Order": 0,
      "FriendlyName": "Name",
      "Visible": true,
      "Variable": "Name",
      "UnitName": "",
      "FormatType": null,
      "IsFrozen": false,
      "ColumnWidth": 80,
      "columnKey":"Name"
    },
    {
      "Order": 1,
      "FriendlyName": "Start Depth",
      "Visible": true,
      "Variable": "StartDepth",
      "UnitName": "m",
      "FormatType": 1,
      "IsFrozen": false,
      "ColumnWidth": 80,
      "DecimalPlaces": 2,
      "DecimalPlacesEnglish": 2,
      "columnKey":"StartDepth"
    },
    {
      "Order": 2,
      "FriendlyName": "End Depth",
      "Visible": true,
      "Variable": "EndtDepth",
      "UnitName": "m",
      "FormatType": 1,
      "IsFrozen": false,
      "ColumnWidth": 80,
      "DecimalPlaces": 2,
      "DecimalPlacesEnglish": 2,
      "columnKey":"EndtDepth"
    },
    {
      "Order": 3,
      "FriendlyName": "Magnetic Model",
      "Visible": true,
      "Variable": "MagneticModel",
      "UnitName": "",
      "FormatType": null,
      "IsFrozen": false,
      "ColumnWidth": 80,
      "columnKey":"MagneticModel"
    },
    {
      "Order": 4,
      "FriendlyName": "Latitude",
      "Visible": true,
      "Variable": "Latitude",
      "UnitName": "",
      "FormatType": null,
      "IsFrozen": false,
      "ColumnWidth": 80,
      "columnKey":"Latitude"
    },
    {
      "Order": 5,
      "FriendlyName": "Longitude",
      "Visible": true,
      "Variable": "Longitude",
      "UnitName": "",
      "FormatType": null,
      "IsFrozen": false,
      "ColumnWidth": 80,
      "columnKey":"Longitude"
    },
    {
      "Order": 6,
      "FriendlyName": "Vertical Depth TVDss",
      "Visible": true,
      "Variable": "VerticalDepth",
      "UnitName": "m",
      "FormatType": 1,
      "IsFrozen": false,
      "ColumnWidth": 80,
      "DecimalPlaces": 2,
      "DecimalPlacesEnglish": 2,
      "columnKey":"VerticalDepth"
    },
    {
      "Order": 7,
      "FriendlyName": "Date of Magnetic Data",
      "Visible": true,
      "Variable": "CalculatedDate",
      "UnitName": "",
      "FormatType": null,
      "IsFrozen": false,
      "ColumnWidth": 80,
      "columnKey":"CalculatedDate"
    },
    {
      "Order": 8,
      "FriendlyName": "Grid Convergence",
      "Visible": true,
      "Variable": "GridConvergence",
      "UnitName": "°",
      "FormatType": 4,
      "IsFrozen": false,
      "ColumnWidth": 80,
      "DecimalPlaces": 3,
      "columnKey":"GridConvergence"
    },
    {
      "Order": 9,
      "FriendlyName": "MFM Magnetic Declination",
      "Visible": true,
      "Variable": "BGGMDeclination",
      "UnitName": "°",
      "FormatType": 4,
      "IsFrozen": false,
      "ColumnWidth": 80,
      "DecimalPlaces": 3,
      "columnKey":"BGGMDeclination"
    },
    {
      "Order": 10,
      "FriendlyName": "Total Correction",
      "Visible": true,
      "Variable": "BGGMTotalCorrection",
      "UnitName": "°",
      "FormatType": 4,
      "IsFrozen": false,
      "ColumnWidth": 80,
      "Name" : "BGGMBTotal",
      "DecimalPlaces": 3,
      "columnKey":"BGGMTotalCorrection"
    },
    {
      "Order": 11,
      "FriendlyName": "MFM Magnetic Dip Angle",
      "Visible": true,
      "Variable": "BGGMDip",
      "UnitName": "°",
      "FormatType": 4,
      "IsFrozen": false,
      "ColumnWidth": 80,
      "Name" : "BGGMDeclination",
      "DecimalPlaces": 3,
      "columnKey":"BGGMDip"
    },
    {
      "Order": 12,
      "FriendlyName": "MFM Magnetic Field Strength",
      "Visible": true,
      "Variable": "BGGMBTotal",
      "UnitName": "nT",
      "FormatType": 3,
      "IsFrozen": false,
      "ColumnWidth": 80,
      "columnKey":"BGGMBTotal"
    },
    {
      "Order": 13,
      "FriendlyName": "Source",
      "Visible": false,
      "Variable": "Source",
      "UnitName": "",
      "FormatType": null,
      "IsFrozen": false,
      "ColumnWidth": 80,
      "columnKey":"Source"
    },
    {
      "Order": 14,
      "FriendlyName": "North Reference",
      "Visible": false,
      "Variable": "NorthReference",
      "UnitName": "",
      "FormatType": null,
      "IsFrozen": false,
      "ColumnWidth": 80,
      "EnumName" : "northReference",
      "columnKey":"NorthReference"
    },
    {
      "Order": 15,
      "FriendlyName": "Declination",
      "Visible": true,
      "Variable": "MagneticDeclination",
      "UnitName": "°",
      "FormatType": 4,
      "IsFrozen": false,
      "ColumnWidth": 80,
      "DecimalPlaces": 3,
      "columnKey":"MagneticDeclination"
    },
    {
      "Order": 16,
      "FriendlyName": "Btotal",
      "Visible": false,
      "Variable": "MagneticFieldStrength",
      "UnitName": "nT",
      "FormatType": 3,
      "IsFrozen": false,
      "ColumnWidth": 80,
      "columnKey": "MagneticFieldStrength"
    },
    {
      "Order": 17,
      "FriendlyName": "Dip",
      "Visible": false,
      "Variable": "MagneticDipAngle",
      "UnitName": "°",
      "FormatType": 4,
      "IsFrozen": false,
      "ColumnWidth": 80,
      "DecimalPlaces": 3,
      "columnKey":"MagneticDipAngle"
    },
    {
      "Order": 18,
      "FriendlyName": "Waypoint Mode",
      "Visible": true,
      "Variable": "WaypointMode",
      "UnitName": "",
      "FormatType": null,
      "IsFrozen": false,
      "ColumnWidth": 80,
      "EnumName" : "waypointModeEnum",
      "columnKey":"WaypointMode"
    }
  ]