[
  {
    "Order": 1,
    "FriendlyName": "Enabled",
    "Visible": true,
    "Variable": "Enabled",
    "UnitName": "",
    "FormatType": null,
    "IsFrozen": false,
    "ColumnWidth": 150,
    "columnKey": "Enabled"
    },
  {
    "Order": 1,
    "FriendlyName": "Run",
    "Visible": true,
    "Variable": "Run.RunNumber",
    "UnitName": "",
    "FormatType": null,
    "IsFrozen": false,
    "ColumnWidth": 150,
    "columnKey": "Run.RunNumber",
    "FilterColumn": "filterRun",
    "isFilterIconVisible": true,
    "filterVariable": "runNumberArr"
  },
  {
    "Order": 2,
    "FriendlyName": "Time&Date",
    "Visible": true,
    "Variable": "DateTime",
    "UnitName": "",
    "FormatType": null,
    "IsFrozen": false,
    "ColumnWidth": 150,
    "IsDateFormat": true,
    "columnKey": "DateTime"
  },
  {
    "Order": 3,
    "FriendlyName": "Survey Time Offset (hh:mm:ss)",
    "Visible": true,
    "Variable": "RigTimeOffset",
    "UnitName": "",
    "FormatType": null,
    "IsFrozen": false,
    "ColumnWidth": 150,
    "columnKey": "RigTimeOffset"
  },
  {
    "Order": 4,
    "FriendlyName": "Depth",
    "Visible": true,
    "Variable": "Depth",
    "UnitName": "ft",
    "FormatType": 1,
    "IsFrozen": false,
    "ColumnWidth": 150,
    "columnKey": "Depth"
  },
  {
    "Order": 5,
    "FriendlyName": "Gx Raw",
    "Visible": true,
    "Variable": "Gx",
    "UnitName": "g",
    "FormatType": 6,
    "IsFrozen": false,
    "ColumnWidth": 150,
    "columnKey": "Gx"
  },
  {
    "Order": 6,
    "FriendlyName": "Gy Raw",
    "Visible": true,
    "Variable": "Gy",
    "UnitName": "g",
    "FormatType": 6,
    "IsFrozen": false,
    "ColumnWidth": 150,
    "columnKey": "Gy"
  },
  {
    "Order": 7,
    "FriendlyName": "Gz Raw",
    "Visible": true,
    "Variable": "Gz",
    "UnitName": "g",
    "FormatType": 6,
    "IsFrozen": false,
    "ColumnWidth": 150,
    "columnKey": "Gz"
  },
  {
    "Order": 8,
    "FriendlyName": "Bx Raw",
    "Visible": true,
    "Variable": "Bx",
    "UnitName": "nT",
    "FormatType": 3,
    "IsFrozen": false,
    "ColumnWidth": 150,
    "columnKey": "Bx"
  },
  {
    "Order": 9,
    "FriendlyName": "By Raw",
    "Visible": true,
    "Variable": "By",
    "UnitName": "nT",
    "FormatType": 3,
    "IsFrozen": false,
    "ColumnWidth": 150,
    "columnKey": "By"
  },
  {
    "Order": 10,
    "FriendlyName": "Bz Raw",
    "Visible": true,
    "Variable": "Bz",
    "UnitName": "nT",
    "FormatType": 3,
    "IsFrozen": false,
    "ColumnWidth": 150,
    "columnKey": "Bz"
  },
  {
    "Order": 11,
    "FriendlyName": "MWD Inc",
    "Visible": true,
    "Variable": "MWDInclination",
    "UnitName": "°",
    "FormatType": 8,
    "IsFrozen": false,
    "ColumnWidth": 150,
    "columnKey": "MWDInclination"
  },
  {
    "Order": 12,
    "FriendlyName": "Sag Inc",
    "Visible": true,
    "Variable": "SagInclination",
    "UnitName": "°",
    "FormatType": 8,
    "IsFrozen": false,
    "ColumnWidth": 150,
    "columnKey": "SagInclination"
  },
  {
    "Order": 13,
    "FriendlyName": "MWD SC",
    "Visible": true,
    "Variable": "MWDShortCollar",
    "UnitName": "°",
    "FormatType": 8,
    "IsFrozen": false,
    "ColumnWidth": 150,
    "columnKey": "MWDShortCollar"
  },
  {
    "Order": 14,
    "FriendlyName": "MWD LC",
    "Visible": true,
    "Variable": "MWDLongCollar",
    "UnitName": "°",
    "FormatType": 8,
    "IsFrozen": false,
    "ColumnWidth": 150,
    "columnKey": "MWDLongCollar"
  },
  {
    "Order": 15,
    "FriendlyName": "Pumps",
    "Visible": true,
    "Variable": "PumpStatus",
    "UnitName": "",
    "FormatType": null,
    "IsFrozen": false,
    "ColumnWidth": 150,
    "EnumName": "pumpsStatusList",
    "columnKey": "PumpStatus"
  },
  {
    "Order": 16,
    "FriendlyName": "Serial Number",
    "Visible": true,
    "Variable": "Run.SerialNumber",
    "UnitName": "",
    "FormatType": null,
    "IsFrozen": false,
    "ColumnWidth": 150,
    "columnKey": "Run.SerialNumber"
  },
  {
    "Order": 17,
    "FriendlyName": "Azi Type",
    "Visible": true,
    "Variable": "AzimuthType",
    "UnitName": "",
    "FormatType": null,
    "IsFrozen": false,
    "ColumnWidth": 150,
    "EnumName": "aziTypeEnum",
    "columnKey": "AzimuthType"
  },
  {
    "Order": 18,
    "FriendlyName": "Temperature",
    "Visible": true,
    "Variable": "Temperature",
    "UnitName": "°F",
    "FormatType": 7,
    "IsFrozen": false,
    "ColumnWidth": 150,
    "columnKey": "Temperature"
  },
  {
    "Order": 19,
    "FriendlyName": "Last Edited By",
    "Visible": true,
    "Variable": "LastEditedBy",
    "UnitName": "",
    "FormatType": null,
    "IsFrozen": false,
    "ColumnWidth": 150,
    "columnKey": "LastEditedBy"
  },
  {
    "Order": 20,
    "FriendlyName": "Import Source",
    "Visible": true,
    "Variable": "ImportSource",
    "UnitName": "",
    "FormatType": null,
    "IsFrozen": false,
    "ColumnWidth": 150,
    "columnKey": "ImportSource",
    "EnumName": "importsource"
  },
  {
    "Order": 21,
    "FriendlyName": "Gt Raw QC",
    "Visible": false,
    "Variable": "GtRawQC",
    "UnitName": "g",
    "FormatType": 5,
    "IsFrozen": false,
    "ColumnWidth": 150,
    "columnKey": "GtRawQC"
  },
  {
    "Order": 22,
    "FriendlyName": "Bt Measured",
    "Visible": false,
    "Variable": "BtMeasured",
    "UnitName": "nT",
    "FormatType": 3,
    "IsFrozen": false,
    "ColumnWidth": 150,
    "columnKey": "BtMeasured"
  },
  {
    "Order": 23,
    "FriendlyName": "Dip Measured",
    "Visible": false,
    "Variable": "DipMeasured",
    "UnitName": "°",
    "FormatType": 4,
    "IsFrozen": false,
    "ColumnWidth": 150,
    "columnKey": "DipMeasured"
  },
  {
    "Order": 24,
    "FriendlyName": "Bv Measured",
    "Visible": false,
    "Variable": "BvMeasured",
    "UnitName": "nT",
    "FormatType": 3,
    "IsFrozen": false,
    "ColumnWidth": 150,
    "columnKey": "BvMeasured"
  },
  {
    "Order": 25,
    "FriendlyName": "Bh Measured",
    "Visible": false,
    "Variable": "BhMeasured",
    "UnitName": "nT",
    "FormatType": 3,
    "IsFrozen": false,
    "ColumnWidth": 150,
    "columnKey": "BhMeasured"
  },
  {
    "Order": 26,
    "FriendlyName": "Raw Gxyz Inc",
    "Visible": false,
    "Variable": "GxyzInclination",
    "UnitName": "°",
    "FormatType": 8,
    "IsFrozen": false,
    "ColumnWidth": 150,
    "columnKey": "GxyzInclination"
  },
  {
    "Order": 27,
    "FriendlyName": "Raw Gxy Inc",
    "Visible": false,
    "Variable": "GxyInclination",
    "UnitName": "°",
    "FormatType": 8,
    "IsFrozen": false,
    "ColumnWidth": 150,
    "columnKey": "GxyInclination"
  },
  {
    "Order": 28,
    "FriendlyName": "Raw Gz Inc",
    "Visible": false,
    "Variable": "GzInclination",
    "UnitName": "°",
    "FormatType": 8,
    "IsFrozen": false,
    "ColumnWidth": 150,
    "columnKey": "GzInclination"
  }
]