[
    {
      "Order": 0,
      "FriendlyName": "Run Number",
      "Visible": true,
      "Variable": "RunNumber",
      "UnitName": "",
      "FormatType": null,
      "IsFrozen": false,
      "ColumnWidth": 100,
      "columnKey":"RunNumber"
    },
    {
      "Order": 1,
      "FriendlyName": "Tool Type",
      "Visible": true,
      "Variable": "ToolType",
      "UnitName": "",
      "FormatType": null,
      "IsFrozen": false,
      "ColumnWidth": 100,
      "EnumName": "toolTypeOptions",
      "columnKey":"ToolType"
    },
    {
      "Order": 2,
      "FriendlyName": "Serial Number",
      "Visible": true,
      "Variable": "SerialNumber",
      "UnitName": "",
      "FormatType": null,
      "IsFrozen": false,
      "ColumnWidth": 100,
      "columnKey":"SerialNumber"
    },
    {
      "Order": 3,
      "FriendlyName": "P or S",
      "Visible": true,
      "Variable": "PrimaryOrSecondary",
      "UnitName": "",
      "FormatType": null,
      "IsFrozen": false,
      "ColumnWidth": 100,
      "EnumName": "primaryOrSecondaryOptions",
      "columnKey":"PrimaryOrSecondary"
    },
    {
      "Order": 4,
      "FriendlyName": "Sag Correction Level",
      "Visible": true,
      "Variable": "SagCorrectionLevel",
      "UnitName": "",
      "FormatType": null,
      "IsFrozen": false,
      "ColumnWidth": 100,
      "EnumName": "sagCorrectionLevelOptions",
      "columnKey":"SagCorrectionLevel"
    },
    {
      "Order": 5,
      "FriendlyName": "Start Time",
      "Visible": true,
      "Variable": "StartTime",
      "UnitName": "",
      "FormatType": null,
      "IsFrozen": false,
      "ColumnWidth": 100,
      "IsDate": true,
      "columnKey":"StartTime"
    },
    {
      "Order": 6,
      "FriendlyName": "End Time",
      "Visible": true,
      "Variable": "EndTime",
      "UnitName": "",
      "FormatType": null,
      "IsFrozen": false,
      "ColumnWidth": 100,
      "IsDate": true,
      "columnKey":"EndTime"
    },
    {
      "Order": 7,
      "FriendlyName": "Average Return Time",
      "Visible": true,
      "Variable": "AverageReturnTimeForRun",
      "UnitName": "",
      "FormatType": null,
      "IsFrozen": false,
      "ColumnWidth": 100,
      "columnKey":"AverageReturnTimeForRun"
    },
    {
      "Order": 8,
      "FriendlyName": "Start Depth",
      "Visible": true,
      "Variable": "StartDepth",
      "UnitName": "ft",
      "FormatType": 1,
      "IsFrozen": false,
      "ColumnWidth": 100,
      "DecimalFormat": true,
      "columnKey":"StartDepth"
    },
    {
      "Order": 9,
      "FriendlyName": "End Depth",
      "Visible": true,
      "Variable": "EndDepth",
      "UnitName": "ft",
      "FormatType": 1,
      "IsFrozen": false,
      "ColumnWidth": 100,
      "DecimalFormat": true,
      "columnKey":"EndDepth"
    },
    {
      "Order": 10,
      "FriendlyName": "Non-Mag Above",
      "Visible": true,
      "Variable": "NonMagAboveSensor",
      "UnitName": "ft",
      "FormatType": 1,
      "IsFrozen": false,
      "ColumnWidth": 100,
      "DecimalFormat": true,
      "columnKey": "NonMagAboveSensor"
    },
    {
      "Order": 11,
      "FriendlyName": "Non-Mag Below",
      "Visible": true,
      "Variable": "NonMagBelowSensor",
      "UnitName": "ft",
      "FormatType": 1,
      "IsFrozen": false,
      "ColumnWidth": 100,
      "DecimalFormat": true,
      "columnKey":"NonMagBelowSensor"
    },
    {
      "Order": 12,
      "FriendlyName": "Distance To Bit",
      "Visible": true,
      "Variable": "DistanceToBit",
      "UnitName": "ft",
      "FormatType": 1,
      "IsFrozen": false,
      "ColumnWidth": 100,
      "DecimalFormat": true,
      "columnKey":"DistanceToBit"
    },
    {
      "Order": 13,
      "FriendlyName": "Toolface Offset",
      "Visible": true,
      "Variable": "ToolfaceOffset",
      "UnitName": "°",
      "FormatType": 8,
      "IsFrozen": false,
      "ColumnWidth": 100,
      "columnKey":"ToolfaceOffset"
    },
    {
      "Order": 14,
      "FriendlyName": "Inclination Tolerance",
      "Visible": true,
      "Variable": "InclinationTolerance",
      "UnitName": "",
      "FormatType": null,
      "IsFrozen": false,
      "ColumnWidth": 100,
      "DecimalFormat": true,
      "columnKey":"InclinationTolerance"
    },
    {
      "Order": 15,
      "FriendlyName": "Azimuth LongCollar Tolerance",
      "Visible": true,
      "Variable": "AzimuthLongCollarTolerance",
      "UnitName": "",
      "FormatType": null,
      "IsFrozen": false,
      "ColumnWidth": 100,
      "DecimalFormat": true,
      "columnKey":"AzimuthLongCollarTolerance"
    },
    {
      "Order": 16,
      "FriendlyName": "Created By",
      "Visible": false,
      "Variable": "CreatedBy",
      "UnitName": "",
      "FormatType": null,
      "IsFrozen": false,
      "ColumnWidth": 100,
      "columnKey": "CreatedBy"
    },
    {
      "Order": 17,
      "FriendlyName": "Created Date",
      "Visible": false,
      "Variable": "CreatedTime",
      "UnitName": "",
      "FormatType": null,
      "IsFrozen": false,
      "ColumnWidth": 100,
      "columnKey":"CreatedTime"
    },
    {
      "Order": 18,
      "FriendlyName": "Last Edited By",
      "Visible": false,
      "Variable": "LastEditedBy",
      "UnitName": "",
      "FormatType": null,
      "IsFrozen": false,
      "ColumnWidth": 100,
      "columnKey":"LastEditedBy"
    },
    {
      "Order": 19,
      "FriendlyName": "Last Edited Date",
      "Visible": false,
      "Variable": "LastEditedTime",
      "UnitName": "",
      "FormatType": null,
      "IsFrozen": false,
      "ColumnWidth": 100,
      "columnKey":"LastEditedTime"
    }
  ]