[
  {
    "Visible": true,
    "Variable": "SerialNumber",
    "UnitName": "",
    "FormatType": null,
    "IsFrozen": false,
    "ColumnWidth": 45,
    "columnKey" : "SerialNumber"
  },
    {
      "Order": 0,
      "FriendlyName": "Well Name",
      "Visible": true,
      "Variable": "Name",
      "UnitName": "",
      "FormatType": null,
      "IsFrozen": false,
      "ColumnWidth": 242,
      "columnKey" : "Name"
    },
    {
      "Order": 1,
      "FriendlyName": "ROC",
      "Visible": true,
      "Variable": "ROC",
      "UnitName": "",
      "FormatType": null,
      "IsFrozen": false,
      "ColumnWidth": 120,
      "EnumName" : "rocOptionList",
      "FilterColumn": "filterROC",
      "isFilterIconVisible" : true,
      "filterVariable" : "filterROC",
      "columnKey" : "ROC"
    },
    {
      "Order": 2,
      "FriendlyName": "Customer",
      "Visible": true,
      "Variable": "Customer",
      "UnitName": "",
      "FormatType": null,
      "IsFrozen": false,
      "ColumnWidth": 160,
      "columnKey" : "Customer"
    },
    {
      "Order": 3,
      "FriendlyName": "Country",
      "Visible": true,
      "Variable": "Country",
      "UnitName": "",
      "FormatType": null,
      "IsFrozen": false,
      "ColumnWidth": 120,
      "columnKey" : "Country"
    },
    {
      "Order": 4,
      "FriendlyName": "District",
      "Visible": true,
      "Variable": "District",
      "UnitName": "",
      "FormatType": null,
      "IsFrozen": false,
      "ColumnWidth": 100,
      "columnKey" : "District"
    },
    {
      "Order": 5,
      "FriendlyName": "Lock",
      "Visible": true,
      "Variable": "Locked",
      "UnitName": "",
      "FormatType": null,
      "IsFrozen": false,
      "ColumnWidth": 100,
      "filterVariable" : "filterLock",
      "columnKey" : "Locked"
    },
    {
      "Order": 6,
      "FriendlyName": "Locked By",
      "Visible": true,
      "Variable": "LockedBy",
      "UnitName": "",
      "FormatType": null,
      "IsFrozen": false,
      "ColumnWidth": 220,
      "columnKey" : "LockedBy"
    },
    {
      "Order": 7,
      "FriendlyName": "Export Template",
      "Visible": false,
      "Variable": "ExportTemplateId",
      "UnitName": "",
      "FormatType": null,
      "IsFrozen": false,
      "ColumnWidth": 150,
      "columnKey" : "ExportTemplate"
    },
    {
      "Order": 8,
      "FriendlyName": "Import Template",
      "Visible": false,
      "Variable": "ImportTemplateId",
      "UnitName": "",
      "FormatType": null,
      "IsFrozen": false,
      "ColumnWidth": 150,
      "columnKey" : "ImportTemplate"
    },
    {
      "Order": 9,
      "FriendlyName": "Last Edited By",
      "Visible": true,
      "Variable": "LastEditedBy",
      "UnitName": "",
      "FormatType": null,
      "IsFrozen": false,
      "ColumnWidth": 200,
      "columnKey" : "LastEditedBy"
    },
    {
      "Order": 10,
      "FriendlyName": "Last Edited Date",
      "Visible": true,
      "Variable": "LastEditedTime",
      "UnitName": "",
      "FormatType": null,
      "IsFrozen": false,
      "ColumnWidth": 145,
      "IsDateFormat": true,
      "columnKey" : "LastEditedDate"
    },
    {
      "Order": 11,
      "FriendlyName": "Created By",
      "Visible": true,
      "Variable": "CreatedBy",
      "UnitName": "",
      "FormatType": null,
      "IsFrozen": false,
      "ColumnWidth": 200,
      "columnKey" : "CreatedBy"
    },
    {
      "Order": 12,
      "FriendlyName": "Created Date",
      "Visible": true,
      "Variable": "CreatedTime",
      "UnitName": "",
      "FormatType": null,
      "IsFrozen": false,
      "ColumnWidth": 145,
      "IsDateFormat": true,
      "columnKey" : "CreatedDate"
    },
    {
      "Order": 13,
      "FriendlyName": "Well ID",
      "Visible": false,
      "Variable": "InsiteWellId",
      "UnitName": "",
      "FormatType": null,
      "IsFrozen": false,
      "ColumnWidth": 250,
      "columnKey" : "WellID"
    },
    {
      "Order": 14,
      "FriendlyName": "Original Insite Well ID",
      "Visible": false,
      "Variable": "OriginalInsiteWellId",
      "UnitName": "",
      "FormatType": null,
      "IsFrozen": false,
      "ColumnWidth": 240,
      "columnKey" : "OriginalInsiteWellID"
    },
    {
      "Order": 15,
      "FriendlyName": "Well Type",
      "Visible": false,
      "Variable": "WellType",
      "UnitName": "",
      "FormatType": null,
      "IsFrozen": false,
      "ColumnWidth": 250,
      "EnumName" : "wellTypeList",
      "columnKey" : "WellType"
    },
    {
      "Order": 16,
      "FriendlyName": "Status",
      "Visible": false,
      "Variable": "Status",
      "UnitName": "",
      "FormatType": null,
      "IsFrozen": false,
      "ColumnWidth": 250,
      "EnumName" : "wellStatusList",
      "columnKey" : "Status"
    },
    {
      "Order": 17,
      "FriendlyName": "Region",
      "Visible": false,
      "Variable": "Region",
      "UnitName": "",
      "FormatType": null,
      "IsFrozen": false,
      "ColumnWidth": 250,
      "columnKey" : "Region"
    },
    {
      "Order": 18,
      "FriendlyName": "Directional Company",
      "Visible": false,
      "Variable": "Company",
      "UnitName": "",
      "FormatType": null,
      "IsFrozen": false,
      "ColumnWidth": 250,
      "columnKey" : "DirectionalCompany"
    },
    {
      "Order": 19,
      "FriendlyName": "Field",
      "Visible": false,
      "Variable": "FieldName",
      "UnitName": "",
      "FormatType": null,
      "IsFrozen": false,
      "ColumnWidth": 250,
      "columnKey" : "Field"
    },
    {
      "Order": 20,
      "FriendlyName": "Rig",
      "Visible": false,
      "Variable": "Rig",
      "UnitName": "",
      "FormatType": null,
      "IsFrozen": false,
      "ColumnWidth": 250,
      "columnKey" : "Rig"
    },
    {
      "Order": 21,
      "FriendlyName": "Job Number",
      "Visible": false,
      "Variable": "JobNumber",
      "UnitName": "",
      "FormatType": null,
      "IsFrozen": false,
      "ColumnWidth": 250,
      "columnKey" : "JobNumber"
    },
    {
      "Order": 22,
      "FriendlyName": "API Number / UWI",
      "Visible": false,
      "Variable": "APINumber",
      "UnitName": "",
      "FormatType": null,
      "IsFrozen": false,
      "ColumnWidth": 250,
      "columnKey" : "APINumber"
    },
    {
      "Order": 23,
      "FriendlyName": "Unit Set",
      "Visible": false,
      "Variable": "UnitSystem",
      "UnitName": "",
      "FormatType": null,
      "IsFrozen": false,
      "ColumnWidth": 250,
      "EnumName" : "unitSetEnum",
      "columnKey" : "UnitSet"
    },
    {
      "Order": 24,
      "FriendlyName": "Time Zone",
      "Visible": false,
      "Variable": "TimeZone",
      "UnitName": "",
      "FormatType": null,
      "IsFrozen": false,
      "ColumnWidth": 250,
      "columnKey" : "TimeZone"
    },
    {
      "Order": 25,
      "FriendlyName": "Observes DST",
      "Visible": false,
      "Variable": "ObservesDst",
      "UnitName": "",
      "FormatType": null,
      "IsFrozen": false,
      "ColumnWidth": 250,
      "columnKey" : "ObservesDST"
    },
    {
      "Order": 26,
      "FriendlyName": "Permanent Datum",
      "Visible": false,
      "Variable": "PermanentDatum",
      "UnitName": "",
      "FormatType": null,
      "IsFrozen": false,
      "ColumnWidth": 250,
      "columnKey" : "PermanentDatum"
    },
    {
      "Order": 27,
      "FriendlyName": "Elevation of PD above MSL",
      "Visible": false,
      "Variable": "Elevation",
      "UnitName": "ft",
      "FormatType": 1,
      "IsFrozen": false,
      "ColumnWidth": 250
    },
    {
      "Order": 28,
      "FriendlyName": "Survey Measured From",
      "Visible": false,
      "Variable": "SurveyMeasuredFrom",
      "UnitName": "",
      "FormatType": null,
      "IsFrozen": false,
      "ColumnWidth": 250
    },
    {
      "Order": 29,
      "FriendlyName": "Height above PD",
      "Visible": false,
      "Variable": "HeightabovePD",
      "UnitName": "",
      "FormatType": null,
      "IsFrozen": false,
      "ColumnWidth": 250
    },
    {
      "Order": 30,
      "FriendlyName": "TVDss Reference",
      "Visible": false,
      "Variable": "TVDssReference",
      "UnitName": "",
      "FormatType": null,
      "IsFrozen": false,
      "ColumnWidth": 250
    },
    {
      "Order": 31,
      "FriendlyName": "Latitude",
      "Visible": false,
      "Variable": "Latitude",
      "UnitName": "",
      "FormatType": null,
      "IsFrozen": false,
      "ColumnWidth": 250
    },
    {
      "Order": 32,
      "FriendlyName": "Longitude",
      "Visible": false,
      "Variable": "Longitude",
      "UnitName": "",
      "FormatType": null,
      "IsFrozen": false,
      "ColumnWidth": 250
    },
    {
      "Order": 33,
      "FriendlyName": "Northing / Y",
      "Visible": false,
      "Variable": "Northing",
      "UnitName": "ft",
      "FormatType": null,
      "IsFrozen": false,
      "ColumnWidth": 250
    },
    {
      "Order": 34,
      "FriendlyName": "Easting / X",
      "Visible": false,
      "Variable": "Easting",
      "UnitName": "ft",
      "FormatType": null,
      "IsFrozen": false,
      "ColumnWidth": 250
    },
    {
      "Order": 35,
      "FriendlyName": "Reference",
      "Visible": false,
      "Variable": "ProjectionReference",
      "UnitName": "",
      "FormatType": null,
      "IsFrozen": false,
      "ColumnWidth": 250
    },
    {
      "Order": 36,
      "FriendlyName": "Grid Coordinate System",
      "Visible": false,
      "Variable": "CoordinateSystem",
      "UnitName": "",
      "FormatType": null,
      "IsFrozen": false,
      "ColumnWidth": 250
    },
    {
      "Order": 37,
      "FriendlyName": "Group/Region",
      "Visible": false,
      "Variable": "ProjectionGroup",
      "UnitName": "",
      "FormatType": null,
      "IsFrozen": false,
      "ColumnWidth": 250
    },
    {
      "Order": 38,
      "FriendlyName": "Central Meridian",
      "Visible": false,
      "Variable": "ProjectionCentralMeridian",
      "UnitName": "",
      "FormatType": null,
      "IsFrozen": false,
      "ColumnWidth": 250
    },
    {
      "Order": 39,
      "FriendlyName": "Hemisphere",
      "Visible": false,
      "Variable": "Hemisphere",
      "UnitName": "",
      "FormatType": null,
      "IsFrozen": false,
      "ColumnWidth": 250
    },
    {
      "Order": 40,
      "FriendlyName": "Description",
      "Visible": false,
      "Variable": "ProjectionDescription",
      "UnitName": "",
      "FormatType": null,
      "IsFrozen": false,
      "ColumnWidth": 250
    },
    {
      "Order": 41,
      "FriendlyName": "Source",
      "Visible": false,
      "Variable": "Source",
      "UnitName": "",
      "FormatType": null,
      "IsFrozen": false,
      "ColumnWidth": 250
    },
    {
      "Order": 42,
      "FriendlyName": "Projection Method",
      "Visible": false,
      "Variable": "ProjectionMethod",
      "UnitName": "",
      "FormatType": null,
      "IsFrozen": false,
      "ColumnWidth": 250
    },
    {
      "Order": 43,
      "FriendlyName": "Datum",
      "Visible": false,
      "Variable": "Datum",
      "UnitName": "",
      "FormatType": null,
      "IsFrozen": false,
      "ColumnWidth": 250
    },
    {
      "Order": 44,
      "FriendlyName": "Elipsoid",
      "Visible": false,
      "Variable": "Elipsoid",
      "UnitName": "",
      "FormatType": null,
      "IsFrozen": false,
      "ColumnWidth": 250
    },
    {
      "Order": 45,
      "FriendlyName": "False Easting",
      "Visible": false,
      "Variable": "FalseEasting",
      "UnitName": "",
      "FormatType": null,
      "IsFrozen": false,
      "ColumnWidth": 250
    },
    {
      "Order": 46,
      "FriendlyName": "False Northing",
      "Visible": false,
      "Variable": "FalseNorthing",
      "UnitName": "",
      "FormatType": null,
      "IsFrozen": false,
      "ColumnWidth": 250
    },
    {
      "Order": 47,
      "FriendlyName": "Latitude Origin",
      "Visible": false,
      "Variable": "LatitudeOrigin",
      "UnitName": "",
      "FormatType": null,
      "IsFrozen": false,
      "ColumnWidth": 250
    },
    {
      "Order": 48,
      "FriendlyName": "Longitude Origin",
      "Visible": false,
      "Variable": "LongitudeOrigin",
      "UnitName": "",
      "FormatType": null,
      "IsFrozen": false,
      "ColumnWidth": 250
    },
    {
      "Order": 49,
      "FriendlyName": "Scale Reduction",
      "Visible": false,
      "Variable": "ScaleReduction",
      "UnitName": "",
      "FormatType": null,
      "IsFrozen": false,
      "ColumnWidth": 250
    },
    {
      "Order": 250,
      "FriendlyName": "Equatorial Radius",
      "Visible": false,
      "Variable": "EquatorialRadius",
      "UnitName": "°",
      "FormatType": 8,
      "IsFrozen": false,
      "ColumnWidth": 250
    },
    {
      "Order": 51,
      "FriendlyName": "Polar Radius",
      "Visible": false,
      "Variable": "PolarRadius",
      "UnitName": "°",
      "FormatType": 8,
      "IsFrozen": false,
      "ColumnWidth": 250
    },
    {
      "Order": 52,
      "FriendlyName": "Inverse Flattening",
      "Visible": false,
      "Variable": "InverseFlattening",
      "UnitName": "",
      "FormatType": null,
      "IsFrozen": false,
      "ColumnWidth": 250
    },
    {
      "Order": 53,
      "FriendlyName": "Eccentricity Squared",
      "Visible": false,
      "Variable": "EccentricitySquared",
      "UnitName": "",
      "FormatType": null,
      "IsFrozen": false,
      "ColumnWidth": 250
    },
    {
      "Order": 54,
      "FriendlyName": "Wellhead Offset N/S",
      "Visible": false,
      "Variable": "WellheadOffsetNS",
      "UnitName": "ft",
      "FormatType": 1,
      "IsFrozen": false,
      "ColumnWidth": 250
    },
    {
      "Order": 55,
      "FriendlyName": "Wellhead Offset E/W",
      "Visible": false,
      "Variable": "WellheadOffsetEW",
      "UnitName": "ft",
      "FormatType": 1,
      "IsFrozen": false,
      "ColumnWidth": 250
    },
    {
      "Order": 56,
      "FriendlyName": "Magnetic Model",
      "Visible": false,
      "Variable": "MagneticModel",
      "UnitName": "",
      "FormatType": null,
      "IsFrozen": false,
      "ColumnWidth": 250
    },
    {
      "Order": 57,
      "FriendlyName": "Date of Magnetic Data",
      "Visible": false,
      "Variable": "MagneticCalcDate",
      "UnitName": "",
      "FormatType": null,
      "IsFrozen": false,
      "ColumnWidth": 250
    },
    {
      "Order": 58,
      "FriendlyName": "Data Source",
      "Visible": false,
      "Variable": "MagDataSource",
      "UnitName": "",
      "FormatType": null,
      "IsFrozen": false,
      "ColumnWidth": 250
    },
    {
      "Order": 59,
      "FriendlyName": "Magnetic Field Strength",
      "Visible": false,
      "Variable": "MagFieldStrength",
      "UnitName": "nT",
      "FormatType": 3,
      "IsFrozen": false,
      "ColumnWidth": 250
    },
    {
      "Order": 60,
      "FriendlyName": "Magnetic Dip Angle",
      "Visible": false,
      "Variable": "Dip",
      "UnitName": "°",
      "FormatType": 4,
      "IsFrozen": false,
      "ColumnWidth": 250
    },
    {
      "Order": 61,
      "FriendlyName": "North Reference",
      "Visible": false,
      "Variable": "NorthReference",
      "UnitName": "",
      "FormatType": null,
      "IsFrozen": false,
      "ColumnWidth": 250
    },
    {
      "Order": 62,
      "FriendlyName": "Total Correction",
      "Visible": false,
      "Variable": "TotalCorrection",
      "UnitName": "°",
      "FormatType": 4,
      "IsFrozen": false,
      "ColumnWidth": 250
    },
    {
      "Order": 63,
      "FriendlyName": "Magnetic Declination",
      "Visible": false,
      "Variable": "Declination",
      "UnitName": "°",
      "FormatType": 4,
      "IsFrozen": false,
      "ColumnWidth": 250
    },
    {
      "Order": 64,
      "FriendlyName": "Grid Convergence",
      "Visible": false,
      "Variable": "GridConvergence",
      "UnitName": "°",
      "FormatType": 4,
      "IsFrozen": false,
      "ColumnWidth": 250
    },
    {
      "Order": 65,
      "FriendlyName": "MD",
      "Visible": false,
      "Variable": "MeasuredDepth",
      "UnitName": "ft",
      "FormatType": 1,
      "IsFrozen": false,
      "ColumnWidth": 250
    },
    {
      "Order": 66,
      "FriendlyName": "Inclination",
      "Visible": false,
      "Variable": "Inclination",
      "UnitName": "°",
      "FormatType": 8,
      "IsFrozen": false,
      "ColumnWidth": 250
    },
    {
      "Order": 67,
      "FriendlyName": "Azimuth",
      "Visible": false,
      "Variable": "Azimuth",
      "UnitName": "°",
      "FormatType": 8,
      "IsFrozen": false,
      "ColumnWidth": 250
    },
    {
      "Order": 68,
      "FriendlyName": "TVD",
      "Visible": false,
      "Variable": "TVD",
      "UnitName": "ft",
      "FormatType": 1,
      "IsFrozen": false,
      "ColumnWidth": 250
    },
    {
      "Order": 69,
      "FriendlyName": "N/S Departure",
      "Visible": false,
      "Variable": "NSDeparture",
      "UnitName": "ft",
      "FormatType": 1,
      "IsFrozen": false,
      "ColumnWidth": 250
    },
    {
      "Order": 250,
      "FriendlyName": "E/W Departure",
      "Visible": false,
      "Variable": "EWDeparture",
      "UnitName": "ft",
      "FormatType": 1,
      "IsFrozen": false,
      "ColumnWidth": 250
    },
    {
      "Order": 71,
      "FriendlyName": "Enable Static QCs",
      "Visible": false,
      "Variable": "IsEnableStaticQc",
      "UnitName": "",
      "FormatType": null,
      "IsFrozen": false,
      "ColumnWidth": 250
    },
    {
      "Order": 72,
      "FriendlyName": "Gt QC Limit",
      "Visible": false,
      "Variable": "GtQcLimit",
      "UnitName": "g",
      "FormatType": 5,
      "IsFrozen": false,
      "ColumnWidth": 250
    },
    {
      "Order": 73,
      "FriendlyName": "Bt QC Limit",
      "Visible": false,
      "Variable": "BtQcLimit",
      "UnitName": "nT",
      "FormatType": 5,
      "IsFrozen": false,
      "ColumnWidth": 250
    },
    {
      "Order": 74,
      "FriendlyName": "Dip QC Limit",
      "Visible": false,
      "Variable": "DipQcLimit",
      "UnitName": "°",
      "FormatType": 4,
      "IsFrozen": false,
      "ColumnWidth": 250
    },
    {
      "Order": 75,
      "FriendlyName": "BtDip QC Limit",
      "Visible": false,
      "Variable": "BtDipQcLimit",
      "UnitName": "nT",
      "FormatType": 5,
      "IsFrozen": false,
      "ColumnWidth": 250
    },
    {
      "Order": 76,
      "FriendlyName": "Low Azi/Inc QC Limit",
      "Visible": false,
      "Variable": "LowAzimuthQcLimit",
      "UnitName": "°",
      "FormatType": 8,
      "IsFrozen": false,
      "ColumnWidth": 250
    },
    {
      "Order": 77,
      "FriendlyName": "High Azi/Inc QC Limit",
      "Visible": false,
      "Variable": "HighAzimuthQcLimit",
      "UnitName": "°",
      "FormatType": 8,
      "IsFrozen": false,
      "ColumnWidth": 250
    }
    
  ]
